timestamp,label,path,camera_index,width,height,fps
1772563852.037266,silver,silver/20260303_155052_037_silver_00.jpg,1,640,480,30
1772563852.116517,silver,silver/20260303_155052_116_silver_01.jpg,1,640,480,30
1772563852.119003,silver,silver/20260303_155052_119_silver_02.jpg,1,640,480,30
1772563852.121356,silver,silver/20260303_155052_121_silver_03.jpg,1,640,480,30
1772563852.123290,silver,silver/20260303_155052_123_silver_04.jpg,1,640,480,30
1772563852.125159,silver,silver/20260303_155052_125_silver_05.jpg,1,640,480,30
1772563852.130316,silver,silver/20260303_155052_130_silver_06.jpg,1,640,480,30
1772563852.132760,silver,silver/20260303_155052_132_silver_07.jpg,1,640,480,30
1772563876.422328,silver,silver/20260303_155116_422_silver_00.jpg,1,640,480,30
1772563876.449756,silver,silver/20260303_155116_449_silver_01.jpg,1,640,480,30
1772563876.451761,silver,silver/20260303_155116_451_silver_02.jpg,1,640,480,30
1772563876.453631,silver,silver/20260303_155116_453_silver_03.jpg,1,640,480,30
1772563876.456734,silver,silver/20260303_155116_456_silver_04.jpg,1,640,480,30
1772563876.458476,silver,silver/20260303_155116_458_silver_05.jpg,1,640,480,30
1772563876.460776,silver,silver/20260303_155116_460_silver_06.jpg,1,640,480,30
1772563876.463226,silver,silver/20260303_155116_463_silver_07.jpg,1,640,480,30
1772563876.465429,silver,silver/20260303_155116_465_silver_08.jpg,1,640,480,30
1772563876.469463,silver,silver/20260303_155116_469_silver_09.jpg,1,640,480,30
1772563898.098065,silver,silver/20260303_155138_098_silver_00.jpg,1,640,480,30
1772563898.118162,silver,silver/20260303_155138_118_silver_01.jpg,1,640,480,30
1772563898.121717,silver,silver/20260303_155138_121_silver_02.jpg,1,640,480,30
1772563898.124069,silver,silver/20260303_155138_124_silver_03.jpg,1,640,480,30
1772563898.126406,silver,silver/20260303_155138_126_silver_04.jpg,1,640,480,30
1772563898.129693,silver,silver/20260303_155138_129_silver_05.jpg,1,640,480,30
1772563898.131872,silver,silver/20260303_155138_131_silver_06.jpg,1,640,480,30
1772563898.135125,silver,silver/20260303_155138_135_silver_07.jpg,1,640,480,30
1772563898.138157,silver,silver/20260303_155138_138_silver_08.jpg,1,640,480,30
1772563898.140618,silver,silver/20260303_155138_140_silver_09.jpg,1,640,480,30
1772563949.912086,silver,silver/20260303_155229_912_silver_00.jpg,1,640,480,30
1772563949.915280,silver,silver/20260303_155229_915_silver_01.jpg,1,640,480,30
1772563949.917978,silver,silver/20260303_155229_917_silver_02.jpg,1,640,480,30
1772563949.920318,silver,silver/20260303_155229_920_silver_03.jpg,1,640,480,30
1772563949.938913,silver,silver/20260303_155229_938_silver_04.jpg,1,640,480,30
1772563949.941060,silver,silver/20260303_155229_941_silver_05.jpg,1,640,480,30
1772563949.943924,silver,silver/20260303_155229_943_silver_06.jpg,1,640,480,30
1772563949.946035,silver,silver/20260303_155229_946_silver_07.jpg,1,640,480,30
1772563949.948077,silver,silver/20260303_155229_948_silver_08.jpg,1,640,480,30
1772563949.953756,silver,silver/20260303_155229_953_silver_09.jpg,1,640,480,30
1772563949.957321,silver,silver/20260303_155229_957_silver_10.jpg,1,640,480,30
1772563949.959754,silver,silver/20260303_155229_959_silver_11.jpg,1,640,480,30
1772563949.962264,silver,silver/20260303_155229_962_silver_12.jpg,1,640,480,30
1772563949.964782,silver,silver/20260303_155229_964_silver_13.jpg,1,640,480,30
1772563949.967336,silver,silver/20260303_155229_967_silver_14.jpg,1,640,480,30
1772563949.969911,silver,silver/20260303_155229_969_silver_15.jpg,1,640,480,30
1772563949.972224,silver,silver/20260303_155229_972_silver_16.jpg,1,640,480,30
1772563949.974630,silver,silver/20260303_155229_974_silver_17.jpg,1,640,480,30
1772563949.978179,silver,silver/20260303_155229_978_silver_18.jpg,1,640,480,30
1772563949.980820,silver,silver/20260303_155229_980_silver_19.jpg,1,640,480,30
1772563949.983878,silver,silver/20260303_155229_983_silver_20.jpg,1,640,480,30
1772563949.985838,silver,silver/20260303_155229_985_silver_21.jpg,1,640,480,30
1772563949.988345,silver,silver/20260303_155229_988_silver_22.jpg,1,640,480,30
1772563949.991491,silver,silver/20260303_155229_991_silver_23.jpg,1,640,480,30
1772563949.996420,silver,silver/20260303_155229_996_silver_24.jpg,1,640,480,30
1772563949.998351,silver,silver/20260303_155229_998_silver_25.jpg,1,640,480,30
1772563950.001285,silver,silver/20260303_155230_001_silver_26.jpg,1,640,480,30
1772563950.003672,silver,silver/20260303_155230_003_silver_27.jpg,1,640,480,30
1772563950.005380,silver,silver/20260303_155230_005_silver_28.jpg,1,640,480,30
1772563950.007133,silver,silver/20260303_155230_007_silver_29.jpg,1,640,480,30
1772563950.009964,silver,silver/20260303_155230_009_silver_30.jpg,1,640,480,30
1772563950.676695,silver,silver/20260303_155230_676_silver_00.jpg,1,640,480,30
1772563950.696754,silver,silver/20260303_155230_696_silver_01.jpg,1,640,480,30
1772563950.699139,silver,silver/20260303_155230_699_silver_02.jpg,1,640,480,30
1772563950.701913,silver,silver/20260303_155230_701_silver_03.jpg,1,640,480,30
1772563950.704349,silver,silver/20260303_155230_704_silver_04.jpg,1,640,480,30
1772563950.708508,silver,silver/20260303_155230_708_silver_05.jpg,1,640,480,30
1772563950.715776,silver,silver/20260303_155230_715_silver_06.jpg,1,640,480,30
1772563950.718341,silver,silver/20260303_155230_718_silver_07.jpg,1,640,480,30
1772563950.721679,silver,silver/20260303_155230_721_silver_08.jpg,1,640,480,30
1772563950.725524,silver,silver/20260303_155230_725_silver_09.jpg,1,640,480,30
1772563950.728247,silver,silver/20260303_155230_728_silver_10.jpg,1,640,480,30
1772563950.731258,silver,silver/20260303_155230_731_silver_11.jpg,1,640,480,30
1772563950.734345,silver,silver/20260303_155230_734_silver_12.jpg,1,640,480,30
1772563950.737251,silver,silver/20260303_155230_737_silver_13.jpg,1,640,480,30
1772563950.740071,silver,silver/20260303_155230_740_silver_14.jpg,1,640,480,30
1772563950.742612,silver,silver/20260303_155230_742_silver_15.jpg,1,640,480,30
1772563950.745041,silver,silver/20260303_155230_745_silver_16.jpg,1,640,480,30
1772563950.747482,silver,silver/20260303_155230_747_silver_17.jpg,1,640,480,30
1772563950.750242,silver,silver/20260303_155230_750_silver_18.jpg,1,640,480,30
1772563950.756863,silver,silver/20260303_155230_756_silver_19.jpg,1,640,480,30
1772563950.759735,silver,silver/20260303_155230_759_silver_20.jpg,1,640,480,30
1772563950.761745,silver,silver/20260303_155230_761_silver_21.jpg,1,640,480,30
1772563950.764691,silver,silver/20260303_155230_764_silver_22.jpg,1,640,480,30
1772563950.767973,silver,silver/20260303_155230_767_silver_23.jpg,1,640,480,30
1772563950.770832,silver,silver/20260303_155230_770_silver_24.jpg,1,640,480,30
1772563950.772992,silver,silver/20260303_155230_772_silver_25.jpg,1,640,480,30
1772563950.775452,silver,silver/20260303_155230_775_silver_26.jpg,1,640,480,30
1772563950.778194,silver,silver/20260303_155230_778_silver_27.jpg,1,640,480,30
1772563950.780708,silver,silver/20260303_155230_780_silver_28.jpg,1,640,480,30
1772563950.782656,silver,silver/20260303_155230_782_silver_29.jpg,1,640,480,30
1772563950.785695,silver,silver/20260303_155230_785_silver_30.jpg,1,640,480,30
1772563951.191857,silver,silver/20260303_155231_191_silver_00.jpg,1,640,480,30
1772563951.211454,silver,silver/20260303_155231_211_silver_01.jpg,1,640,480,30
1772563951.213301,silver,silver/20260303_155231_213_silver_02.jpg,1,640,480,30
1772563951.219945,silver,silver/20260303_155231_219_silver_03.jpg,1,640,480,30
1772563951.222194,silver,silver/20260303_155231_222_silver_04.jpg,1,640,480,30
1772563951.224579,silver,silver/20260303_155231_224_silver_05.jpg,1,640,480,30
1772563951.226505,silver,silver/20260303_155231_226_silver_06.jpg,1,640,480,30
1772563951.228836,silver,silver/20260303_155231_228_silver_07.jpg,1,640,480,30
1772563951.230569,silver,silver/20260303_155231_230_silver_08.jpg,1,640,480,30
1772563951.233371,silver,silver/20260303_155231_233_silver_09.jpg,1,640,480,30
1772563951.236293,silver,silver/20260303_155231_236_silver_10.jpg,1,640,480,30
1772563951.239110,silver,silver/20260303_155231_239_silver_11.jpg,1,640,480,30
1772563951.241993,silver,silver/20260303_155231_241_silver_12.jpg,1,640,480,30
1772563951.244080,silver,silver/20260303_155231_244_silver_13.jpg,1,640,480,30
1772563951.246590,silver,silver/20260303_155231_246_silver_14.jpg,1,640,480,30
1772563951.248531,silver,silver/20260303_155231_248_silver_15.jpg,1,640,480,30
1772563951.251675,silver,silver/20260303_155231_251_silver_16.jpg,1,640,480,30
1772563951.255083,silver,silver/20260303_155231_255_silver_17.jpg,1,640,480,30
1772563951.267058,silver,silver/20260303_155231_267_silver_18.jpg,1,640,480,30
1772563951.270535,silver,silver/20260303_155231_270_silver_19.jpg,1,640,480,30
1772563951.273887,silver,silver/20260303_155231_273_silver_20.jpg,1,640,480,30
1772563951.276677,silver,silver/20260303_155231_276_silver_21.jpg,1,640,480,30
1772563951.278581,silver,silver/20260303_155231_278_silver_22.jpg,1,640,480,30
1772563951.281122,silver,silver/20260303_155231_281_silver_23.jpg,1,640,480,30
1772563951.284828,silver,silver/20260303_155231_284_silver_24.jpg,1,640,480,30
1772563951.287353,silver,silver/20260303_155231_287_silver_25.jpg,1,640,480,30
1772563951.290049,silver,silver/20260303_155231_290_silver_26.jpg,1,640,480,30
1772563951.292954,silver,silver/20260303_155231_292_silver_27.jpg,1,640,480,30
1772563951.296032,silver,silver/20260303_155231_296_silver_28.jpg,1,640,480,30
1772563951.299045,silver,silver/20260303_155231_299_silver_29.jpg,1,640,480,30
1772563951.301486,silver,silver/20260303_155231_301_silver_30.jpg,1,640,480,30
1772563951.972380,silver,silver/20260303_155231_972_silver_00.jpg,1,640,480,30
1772563951.974931,silver,silver/20260303_155231_974_silver_01.jpg,1,640,480,30
1772563951.993752,silver,silver/20260303_155231_993_silver_02.jpg,1,640,480,30
1772563951.995924,silver,silver/20260303_155231_995_silver_03.jpg,1,640,480,30
1772563951.998524,silver,silver/20260303_155231_998_silver_04.jpg,1,640,480,30
1772563952.001441,silver,silver/20260303_155232_001_silver_05.jpg,1,640,480,30
1772563952.003627,silver,silver/20260303_155232_003_silver_06.jpg,1,640,480,30
1772563952.006262,silver,silver/20260303_155232_006_silver_07.jpg,1,640,480,30
1772563952.009109,silver,silver/20260303_155232_009_silver_08.jpg,1,640,480,30
1772563952.011864,silver,silver/20260303_155232_011_silver_09.jpg,1,640,480,30
1772563952.014163,silver,silver/20260303_155232_014_silver_10.jpg,1,640,480,30
1772563952.016553,silver,silver/20260303_155232_016_silver_11.jpg,1,640,480,30
1772563952.018276,silver,silver/20260303_155232_018_silver_12.jpg,1,640,480,30
1772563952.020478,silver,silver/20260303_155232_020_silver_13.jpg,1,640,480,30
1772563952.022140,silver,silver/20260303_155232_022_silver_14.jpg,1,640,480,30
1772563952.023820,silver,silver/20260303_155232_023_silver_15.jpg,1,640,480,30
1772563952.025888,silver,silver/20260303_155232_025_silver_16.jpg,1,640,480,30
1772563952.028234,silver,silver/20260303_155232_028_silver_17.jpg,1,640,480,30
1772563952.030523,silver,silver/20260303_155232_030_silver_18.jpg,1,640,480,30
1772563952.033208,silver,silver/20260303_155232_033_silver_19.jpg,1,640,480,30
1772563952.035183,silver,silver/20260303_155232_035_silver_20.jpg,1,640,480,30
1772563952.037349,silver,silver/20260303_155232_037_silver_21.jpg,1,640,480,30
1772563952.039817,silver,silver/20260303_155232_039_silver_22.jpg,1,640,480,30
1772563952.041895,silver,silver/20260303_155232_041_silver_23.jpg,1,640,480,30
1772563952.044895,silver,silver/20260303_155232_044_silver_24.jpg,1,640,480,30
1772563952.047317,silver,silver/20260303_155232_047_silver_25.jpg,1,640,480,30
1772563952.050056,silver,silver/20260303_155232_050_silver_26.jpg,1,640,480,30
1772563952.051730,silver,silver/20260303_155232_051_silver_27.jpg,1,640,480,30
1772563952.054691,silver,silver/20260303_155232_054_silver_28.jpg,1,640,480,30
1772563952.057188,silver,silver/20260303_155232_057_silver_29.jpg,1,640,480,30
1772563952.060065,silver,silver/20260303_155232_060_silver_30.jpg,1,640,480,30
1772563952.668885,silver,silver/20260303_155232_668_silver_00.jpg,1,640,480,30
1772563952.689509,silver,silver/20260303_155232_689_silver_01.jpg,1,640,480,30
1772563952.692316,silver,silver/20260303_155232_692_silver_02.jpg,1,640,480,30
1772563952.694585,silver,silver/20260303_155232_694_silver_03.jpg,1,640,480,30
1772563952.696733,silver,silver/20260303_155232_696_silver_04.jpg,1,640,480,30
1772563952.699094,silver,silver/20260303_155232_699_silver_05.jpg,1,640,480,30
1772563952.702089,silver,silver/20260303_155232_702_silver_06.jpg,1,640,480,30
1772563952.705061,silver,silver/20260303_155232_705_silver_07.jpg,1,640,480,30
1772563952.706761,silver,silver/20260303_155232_706_silver_08.jpg,1,640,480,30
1772563952.708500,silver,silver/20260303_155232_708_silver_09.jpg,1,640,480,30
1772563952.710589,silver,silver/20260303_155232_710_silver_10.jpg,1,640,480,30
1772563952.714137,silver,silver/20260303_155232_714_silver_11.jpg,1,640,480,30
1772563952.716435,silver,silver/20260303_155232_716_silver_12.jpg,1,640,480,30
1772563952.719178,silver,silver/20260303_155232_719_silver_13.jpg,1,640,480,30
1772563952.721963,silver,silver/20260303_155232_721_silver_14.jpg,1,640,480,30
1772563952.724640,silver,silver/20260303_155232_724_silver_15.jpg,1,640,480,30
1772563952.727043,silver,silver/20260303_155232_727_silver_16.jpg,1,640,480,30
1772563952.730454,silver,silver/20260303_155232_730_silver_17.jpg,1,640,480,30
1772563952.733062,silver,silver/20260303_155232_733_silver_18.jpg,1,640,480,30
1772563952.735475,silver,silver/20260303_155232_735_silver_19.jpg,1,640,480,30
1772563952.737720,silver,silver/20260303_155232_737_silver_20.jpg,1,640,480,30
1772563952.739574,silver,silver/20260303_155232_739_silver_21.jpg,1,640,480,30
1772563952.741430,silver,silver/20260303_155232_741_silver_22.jpg,1,640,480,30
1772563952.743494,silver,silver/20260303_155232_743_silver_23.jpg,1,640,480,30
1772563952.745453,silver,silver/20260303_155232_745_silver_24.jpg,1,640,480,30
1772563952.750027,silver,silver/20260303_155232_750_silver_25.jpg,1,640,480,30
1772563952.752916,silver,silver/20260303_155232_752_silver_26.jpg,1,640,480,30
1772563952.755424,silver,silver/20260303_155232_755_silver_27.jpg,1,640,480,30
1772563952.757449,silver,silver/20260303_155232_757_silver_28.jpg,1,640,480,30
1772563952.760015,silver,silver/20260303_155232_760_silver_29.jpg,1,640,480,30
1772563952.762075,silver,silver/20260303_155232_762_silver_30.jpg,1,640,480,30
1772563954.358741,silver,silver/20260303_155234_358_silver_00.jpg,1,640,480,30
1772563954.361724,silver,silver/20260303_155234_361_silver_01.jpg,1,640,480,30
1772563954.364159,silver,silver/20260303_155234_364_silver_02.jpg,1,640,480,30
1772563954.368942,silver,silver/20260303_155234_368_silver_03.jpg,1,640,480,30
1772563954.371600,silver,silver/20260303_155234_371_silver_04.jpg,1,640,480,30
1772563954.373710,silver,silver/20260303_155234_373_silver_05.jpg,1,640,480,30
1772563954.375686,silver,silver/20260303_155234_375_silver_06.jpg,1,640,480,30
1772563954.377843,silver,silver/20260303_155234_377_silver_07.jpg,1,640,480,30
1772563954.379975,silver,silver/20260303_155234_379_silver_08.jpg,1,640,480,30
1772563954.382022,silver,silver/20260303_155234_382_silver_09.jpg,1,640,480,30
1772563954.384802,silver,silver/20260303_155234_384_silver_10.jpg,1,640,480,30
1772563954.387350,silver,silver/20260303_155234_387_silver_11.jpg,1,640,480,30
1772563954.390037,silver,silver/20260303_155234_390_silver_12.jpg,1,640,480,30
1772563954.398435,silver,silver/20260303_155234_398_silver_13.jpg,1,640,480,30
1772563954.401783,silver,silver/20260303_155234_401_silver_14.jpg,1,640,480,30
1772563954.406661,silver,silver/20260303_155234_406_silver_15.jpg,1,640,480,30
1772563954.410739,silver,silver/20260303_155234_410_silver_16.jpg,1,640,480,30
1772563954.414622,silver,silver/20260303_155234_414_silver_17.jpg,1,640,480,30
1772563954.419736,silver,silver/20260303_155234_419_silver_18.jpg,1,640,480,30
1772563954.423337,silver,silver/20260303_155234_423_silver_19.jpg,1,640,480,30
1772563954.434027,silver,silver/20260303_155234_434_silver_20.jpg,1,640,480,30
1772563954.437226,silver,silver/20260303_155234_437_silver_21.jpg,1,640,480,30
1772563954.440038,silver,silver/20260303_155234_440_silver_22.jpg,1,640,480,30
1772563954.443198,silver,silver/20260303_155234_443_silver_23.jpg,1,640,480,30
1772563954.445639,silver,silver/20260303_155234_445_silver_24.jpg,1,640,480,30
1772563954.448514,silver,silver/20260303_155234_448_silver_25.jpg,1,640,480,30
1772563954.451908,silver,silver/20260303_155234_451_silver_26.jpg,1,640,480,30
1772563954.455563,silver,silver/20260303_155234_455_silver_27.jpg,1,640,480,30
1772563954.459491,silver,silver/20260303_155234_459_silver_28.jpg,1,640,480,30
1772563954.464909,silver,silver/20260303_155234_464_silver_29.jpg,1,640,480,30
1772563954.467553,silver,silver/20260303_155234_467_silver_30.jpg,1,640,480,30
1772563955.131138,silver,silver/20260303_155235_131_silver_00.jpg,1,640,480,30
1772563955.138260,silver,silver/20260303_155235_138_silver_01.jpg,1,640,480,30
1772563955.143925,silver,silver/20260303_155235_143_silver_02.jpg,1,640,480,30
1772563955.148472,silver,silver/20260303_155235_148_silver_03.jpg,1,640,480,30
1772563955.154374,silver,silver/20260303_155235_154_silver_04.jpg,1,640,480,30
1772563955.159367,silver,silver/20260303_155235_159_silver_05.jpg,1,640,480,30
1772563955.164277,silver,silver/20260303_155235_164_silver_06.jpg,1,640,480,30
1772563955.170150,silver,silver/20260303_155235_170_silver_07.jpg,1,640,480,30
1772563955.174984,silver,silver/20260303_155235_174_silver_08.jpg,1,640,480,30
1772563955.179793,silver,silver/20260303_155235_179_silver_09.jpg,1,640,480,30
1772563955.185155,silver,silver/20260303_155235_185_silver_10.jpg,1,640,480,30
1772563955.190131,silver,silver/20260303_155235_190_silver_11.jpg,1,640,480,30
1772563955.194207,silver,silver/20260303_155235_194_silver_12.jpg,1,640,480,30
1772563955.198924,silver,silver/20260303_155235_198_silver_13.jpg,1,640,480,30
1772563955.204663,silver,silver/20260303_155235_204_silver_14.jpg,1,640,480,30
1772563955.210804,silver,silver/20260303_155235_210_silver_15.jpg,1,640,480,30
1772563955.216036,silver,silver/20260303_155235_216_silver_16.jpg,1,640,480,30
1772563955.224152,silver,silver/20260303_155235_224_silver_17.jpg,1,640,480,30
1772563955.233622,silver,silver/20260303_155235_233_silver_18.jpg,1,640,480,30
1772563955.239077,silver,silver/20260303_155235_239_silver_19.jpg,1,640,480,30
1772563955.244411,silver,silver/20260303_155235_244_silver_20.jpg,1,640,480,30
1772563955.249929,silver,silver/20260303_155235_249_silver_21.jpg,1,640,480,30
1772563955.254852,silver,silver/20260303_155235_254_silver_22.jpg,1,640,480,30
1772563955.260041,silver,silver/20260303_155235_260_silver_23.jpg,1,640,480,30
1772563955.264748,silver,silver/20260303_155235_264_silver_24.jpg,1,640,480,30
1772563955.270944,silver,silver/20260303_155235_270_silver_25.jpg,1,640,480,30
1772563955.275644,silver,silver/20260303_155235_275_silver_26.jpg,1,640,480,30
1772563955.280426,silver,silver/20260303_155235_280_silver_27.jpg,1,640,480,30
1772563955.285496,silver,silver/20260303_155235_285_silver_28.jpg,1,640,480,30
1772563955.290109,silver,silver/20260303_155235_290_silver_29.jpg,1,640,480,30
1772563955.294477,silver,silver/20260303_155235_294_silver_30.jpg,1,640,480,30
1772563955.963500,silver,silver/20260303_155235_963_silver_00.jpg,1,640,480,30
1772563955.970217,silver,silver/20260303_155235_970_silver_01.jpg,1,640,480,30
1772563955.975664,silver,silver/20260303_155235_975_silver_02.jpg,1,640,480,30
1772563955.980642,silver,silver/20260303_155235_980_silver_03.jpg,1,640,480,30
1772563955.986117,silver,silver/20260303_155235_986_silver_04.jpg,1,640,480,30
1772563955.990546,silver,silver/20260303_155235_990_silver_05.jpg,1,640,480,30
1772563955.995532,silver,silver/20260303_155235_995_silver_06.jpg,1,640,480,30
1772563956.000504,silver,silver/20260303_155236_000_silver_07.jpg,1,640,480,30
1772563956.005376,silver,silver/20260303_155236_005_silver_08.jpg,1,640,480,30
1772563956.010303,silver,silver/20260303_155236_010_silver_09.jpg,1,640,480,30
1772563956.015422,silver,silver/20260303_155236_015_silver_10.jpg,1,640,480,30
1772563956.020322,silver,silver/20260303_155236_020_silver_11.jpg,1,640,480,30
1772563956.026676,silver,silver/20260303_155236_026_silver_12.jpg,1,640,480,30
1772563956.031986,silver,silver/20260303_155236_031_silver_13.jpg,1,640,480,30
1772563956.037721,silver,silver/20260303_155236_037_silver_14.jpg,1,640,480,30
1772563956.042569,silver,silver/20260303_155236_042_silver_15.jpg,1,640,480,30
1772563956.047973,silver,silver/20260303_155236_047_silver_16.jpg,1,640,480,30
1772563956.053813,silver,silver/20260303_155236_053_silver_17.jpg,1,640,480,30
1772563956.060801,silver,silver/20260303_155236_060_silver_18.jpg,1,640,480,30
1772563956.066815,silver,silver/20260303_155236_066_silver_19.jpg,1,640,480,30
1772563956.072855,silver,silver/20260303_155236_072_silver_20.jpg,1,640,480,30
1772563956.077838,silver,silver/20260303_155236_077_silver_21.jpg,1,640,480,30
1772563956.083193,silver,silver/20260303_155236_083_silver_22.jpg,1,640,480,30
1772563956.088854,silver,silver/20260303_155236_088_silver_23.jpg,1,640,480,30
1772563956.107567,silver,silver/20260303_155236_107_silver_24.jpg,1,640,480,30
1772563956.113553,silver,silver/20260303_155236_113_silver_25.jpg,1,640,480,30
1772563956.118016,silver,silver/20260303_155236_118_silver_26.jpg,1,640,480,30
1772563956.123404,silver,silver/20260303_155236_123_silver_27.jpg,1,640,480,30
1772563956.128376,silver,silver/20260303_155236_128_silver_28.jpg,1,640,480,30
1772563956.138129,silver,silver/20260303_155236_138_silver_29.jpg,1,640,480,30
1772563956.142859,silver,silver/20260303_155236_142_silver_30.jpg,1,640,480,30
1772563958.730718,silver,silver/20260303_155238_730_silver_00.jpg,1,640,480,30
1772563958.737713,silver,silver/20260303_155238_737_silver_01.jpg,1,640,480,30
1772563958.742941,silver,silver/20260303_155238_742_silver_02.jpg,1,640,480,30
1772563958.748856,silver,silver/20260303_155238_748_silver_03.jpg,1,640,480,30
1772563958.754669,silver,silver/20260303_155238_754_silver_04.jpg,1,640,480,30
1772563958.759512,silver,silver/20260303_155238_759_silver_05.jpg,1,640,480,30
1772563958.763732,silver,silver/20260303_155238_763_silver_06.jpg,1,640,480,30
1772563958.768751,silver,silver/20260303_155238_768_silver_07.jpg,1,640,480,30
1772563958.775236,silver,silver/20260303_155238_775_silver_08.jpg,1,640,480,30
1772563958.782014,silver,silver/20260303_155238_782_silver_09.jpg,1,640,480,30
1772563958.787954,silver,silver/20260303_155238_787_silver_10.jpg,1,640,480,30
1772563958.793979,silver,silver/20260303_155238_793_silver_11.jpg,1,640,480,30
1772563958.799822,silver,silver/20260303_155238_799_silver_12.jpg,1,640,480,30
1772563958.805125,silver,silver/20260303_155238_805_silver_13.jpg,1,640,480,30
1772563958.810885,silver,silver/20260303_155238_810_silver_14.jpg,1,640,480,30
1772563958.817082,silver,silver/20260303_155238_817_silver_15.jpg,1,640,480,30
1772563958.821690,silver,silver/20260303_155238_821_silver_16.jpg,1,640,480,30
1772563958.827066,silver,silver/20260303_155238_827_silver_17.jpg,1,640,480,30
1772563958.833623,silver,silver/20260303_155238_833_silver_18.jpg,1,640,480,30
1772563958.839531,silver,silver/20260303_155238_839_silver_19.jpg,1,640,480,30
1772563958.844280,silver,silver/20260303_155238_844_silver_20.jpg,1,640,480,30
1772563958.849910,silver,silver/20260303_155238_849_silver_21.jpg,1,640,480,30
1772563958.855365,silver,silver/20260303_155238_855_silver_22.jpg,1,640,480,30
1772563958.860544,silver,silver/20260303_155238_860_silver_23.jpg,1,640,480,30
1772563958.866282,silver,silver/20260303_155238_866_silver_24.jpg,1,640,480,30
1772563958.871401,silver,silver/20260303_155238_871_silver_25.jpg,1,640,480,30
1772563958.876389,silver,silver/20260303_155238_876_silver_26.jpg,1,640,480,30
1772563958.882287,silver,silver/20260303_155238_882_silver_27.jpg,1,640,480,30
1772563958.887284,silver,silver/20260303_155238_887_silver_28.jpg,1,640,480,30
1772563958.893175,silver,silver/20260303_155238_893_silver_29.jpg,1,640,480,30
1772563958.899256,silver,silver/20260303_155238_899_silver_30.jpg,1,640,480,30
1772563960.606248,silver,silver/20260303_155240_606_silver_00.jpg,1,640,480,30
1772563960.613797,silver,silver/20260303_155240_613_silver_01.jpg,1,640,480,30
1772563960.622011,silver,silver/20260303_155240_622_silver_02.jpg,1,640,480,30
1772563960.629562,silver,silver/20260303_155240_629_silver_03.jpg,1,640,480,30
1772563960.636871,silver,silver/20260303_155240_636_silver_04.jpg,1,640,480,30
1772563960.644601,silver,silver/20260303_155240_644_silver_05.jpg,1,640,480,30
1772563960.651628,silver,silver/20260303_155240_651_silver_06.jpg,1,640,480,30
1772563960.658864,silver,silver/20260303_155240_658_silver_07.jpg,1,640,480,30
1772563960.665956,silver,silver/20260303_155240_665_silver_08.jpg,1,640,480,30
1772563960.673834,silver,silver/20260303_155240_673_silver_09.jpg,1,640,480,30
1772563960.680696,silver,silver/20260303_155240_680_silver_10.jpg,1,640,480,30
1772563960.687890,silver,silver/20260303_155240_687_silver_11.jpg,1,640,480,30
1772563960.694387,silver,silver/20260303_155240_694_silver_12.jpg,1,640,480,30
1772563960.701708,silver,silver/20260303_155240_701_silver_13.jpg,1,640,480,30
1772563960.708960,silver,silver/20260303_155240_708_silver_14.jpg,1,640,480,30
1772563960.715967,silver,silver/20260303_155240_715_silver_15.jpg,1,640,480,30
1772563960.723020,silver,silver/20260303_155240_723_silver_16.jpg,1,640,480,30
1772563960.729968,silver,silver/20260303_155240_729_silver_17.jpg,1,640,480,30
1772563960.737437,silver,silver/20260303_155240_737_silver_18.jpg,1,640,480,30
1772563960.744797,silver,silver/20260303_155240_744_silver_19.jpg,1,640,480,30
1772563960.751821,silver,silver/20260303_155240_751_silver_20.jpg,1,640,480,30
1772563960.759293,silver,silver/20260303_155240_759_silver_21.jpg,1,640,480,30
1772563960.765874,silver,silver/20260303_155240_765_silver_22.jpg,1,640,480,30
1772563960.772840,silver,silver/20260303_155240_772_silver_23.jpg,1,640,480,30
1772563960.779763,silver,silver/20260303_155240_779_silver_24.jpg,1,640,480,30
1772563960.786587,silver,silver/20260303_155240_786_silver_25.jpg,1,640,480,30
1772563960.793937,silver,silver/20260303_155240_793_silver_26.jpg,1,640,480,30
1772563960.800958,silver,silver/20260303_155240_800_silver_27.jpg,1,640,480,30
1772563960.807987,silver,silver/20260303_155240_807_silver_28.jpg,1,640,480,30
1772563960.814967,silver,silver/20260303_155240_814_silver_29.jpg,1,640,480,30
1772563960.822300,silver,silver/20260303_155240_822_silver_30.jpg,1,640,480,30
1772563962.334947,silver,silver/20260303_155242_334_silver_00.jpg,1,640,480,30
1772563962.343177,silver,silver/20260303_155242_343_silver_01.jpg,1,640,480,30
1772563962.351122,silver,silver/20260303_155242_351_silver_02.jpg,1,640,480,30
1772563962.358684,silver,silver/20260303_155242_358_silver_03.jpg,1,640,480,30
1772563962.367087,silver,silver/20260303_155242_367_silver_04.jpg,1,640,480,30
1772563962.373553,silver,silver/20260303_155242_373_silver_05.jpg,1,640,480,30
1772563962.380237,silver,silver/20260303_155242_380_silver_06.jpg,1,640,480,30
1772563962.387083,silver,silver/20260303_155242_387_silver_07.jpg,1,640,480,30
1772563962.395113,silver,silver/20260303_155242_395_silver_08.jpg,1,640,480,30
1772563962.404827,silver,silver/20260303_155242_404_silver_09.jpg,1,640,480,30
1772563962.412288,silver,silver/20260303_155242_412_silver_10.jpg,1,640,480,30
1772563962.420434,silver,silver/20260303_155242_420_silver_11.jpg,1,640,480,30
1772563962.427501,silver,silver/20260303_155242_427_silver_12.jpg,1,640,480,30
1772563962.434816,silver,silver/20260303_155242_434_silver_13.jpg,1,640,480,30
1772563962.441560,silver,silver/20260303_155242_441_silver_14.jpg,1,640,480,30
1772563962.447944,silver,silver/20260303_155242_447_silver_15.jpg,1,640,480,30
1772563962.455419,silver,silver/20260303_155242_455_silver_16.jpg,1,640,480,30
1772563962.461872,silver,silver/20260303_155242_461_silver_17.jpg,1,640,480,30
1772563962.470046,silver,silver/20260303_155242_470_silver_18.jpg,1,640,480,30
1772563962.476755,silver,silver/20260303_155242_476_silver_19.jpg,1,640,480,30
1772563962.484622,silver,silver/20260303_155242_484_silver_20.jpg,1,640,480,30
1772563962.492462,silver,silver/20260303_155242_492_silver_21.jpg,1,640,480,30
1772563962.500957,silver,silver/20260303_155242_500_silver_22.jpg,1,640,480,30
1772563962.507901,silver,silver/20260303_155242_507_silver_23.jpg,1,640,480,30
1772563962.514750,silver,silver/20260303_155242_514_silver_24.jpg,1,640,480,30
1772563962.521381,silver,silver/20260303_155242_521_silver_25.jpg,1,640,480,30
1772563962.528741,silver,silver/20260303_155242_528_silver_26.jpg,1,640,480,30
1772563962.535472,silver,silver/20260303_155242_535_silver_27.jpg,1,640,480,30
1772563962.542024,silver,silver/20260303_155242_542_silver_28.jpg,1,640,480,30
1772563962.549100,silver,silver/20260303_155242_549_silver_29.jpg,1,640,480,30
1772563962.556461,silver,silver/20260303_155242_556_silver_30.jpg,1,640,480,30
1772563963.569227,silver,silver/20260303_155243_569_silver_00.jpg,1,640,480,30
1772563963.577796,silver,silver/20260303_155243_577_silver_01.jpg,1,640,480,30
1772563963.586223,silver,silver/20260303_155243_586_silver_02.jpg,1,640,480,30
1772563963.592741,silver,silver/20260303_155243_592_silver_03.jpg,1,640,480,30
1772563963.600559,silver,silver/20260303_155243_600_silver_04.jpg,1,640,480,30
1772563963.607645,silver,silver/20260303_155243_607_silver_05.jpg,1,640,480,30
1772563963.615188,silver,silver/20260303_155243_615_silver_06.jpg,1,640,480,30
1772563963.622687,silver,silver/20260303_155243_622_silver_07.jpg,1,640,480,30
1772563963.629444,silver,silver/20260303_155243_629_silver_08.jpg,1,640,480,30
1772563963.637585,silver,silver/20260303_155243_637_silver_09.jpg,1,640,480,30
1772563963.644346,silver,silver/20260303_155243_644_silver_10.jpg,1,640,480,30
1772563963.652698,silver,silver/20260303_155243_652_silver_11.jpg,1,640,480,30
1772563963.659631,silver,silver/20260303_155243_659_silver_12.jpg,1,640,480,30
1772563963.669302,silver,silver/20260303_155243_669_silver_13.jpg,1,640,480,30
1772563963.676821,silver,silver/20260303_155243_676_silver_14.jpg,1,640,480,30
1772563963.684300,silver,silver/20260303_155243_684_silver_15.jpg,1,640,480,30
1772563963.692337,silver,silver/20260303_155243_692_silver_16.jpg,1,640,480,30
1772563963.700048,silver,silver/20260303_155243_700_silver_17.jpg,1,640,480,30
1772563963.707794,silver,silver/20260303_155243_707_silver_18.jpg,1,640,480,30
1772563963.715261,silver,silver/20260303_155243_715_silver_19.jpg,1,640,480,30
1772563963.722144,silver,silver/20260303_155243_722_silver_20.jpg,1,640,480,30
1772563963.729848,silver,silver/20260303_155243_729_silver_21.jpg,1,640,480,30
1772563963.736902,silver,silver/20260303_155243_736_silver_22.jpg,1,640,480,30
1772563963.744119,silver,silver/20260303_155243_744_silver_23.jpg,1,640,480,30
1772563963.751020,silver,silver/20260303_155243_751_silver_24.jpg,1,640,480,30
1772563963.757858,silver,silver/20260303_155243_757_silver_25.jpg,1,640,480,30
1772563963.766270,silver,silver/20260303_155243_766_silver_26.jpg,1,640,480,30
1772563963.772559,silver,silver/20260303_155243_772_silver_27.jpg,1,640,480,30
1772563963.780975,silver,silver/20260303_155243_780_silver_28.jpg,1,640,480,30
1772563963.792078,silver,silver/20260303_155243_792_silver_29.jpg,1,640,480,30
1772563963.798677,silver,silver/20260303_155243_798_silver_30.jpg,1,640,480,30
1772563964.333369,silver,silver/20260303_155244_333_silver_00.jpg,1,640,480,30
1772563964.340951,silver,silver/20260303_155244_340_silver_01.jpg,1,640,480,30
1772563964.348038,silver,silver/20260303_155244_348_silver_02.jpg,1,640,480,30
1772563964.357329,silver,silver/20260303_155244_357_silver_03.jpg,1,640,480,30
1772563964.364351,silver,silver/20260303_155244_364_silver_04.jpg,1,640,480,30
1772563964.371077,silver,silver/20260303_155244_371_silver_05.jpg,1,640,480,30
1772563964.377815,silver,silver/20260303_155244_377_silver_06.jpg,1,640,480,30
1772563964.384548,silver,silver/20260303_155244_384_silver_07.jpg,1,640,480,30
1772563964.391193,silver,silver/20260303_155244_391_silver_08.jpg,1,640,480,30
1772563964.397725,silver,silver/20260303_155244_397_silver_09.jpg,1,640,480,30
1772563964.404277,silver,silver/20260303_155244_404_silver_10.jpg,1,640,480,30
1772563964.410405,silver,silver/20260303_155244_410_silver_11.jpg,1,640,480,30
1772563964.416766,silver,silver/20260303_155244_416_silver_12.jpg,1,640,480,30
1772563964.423840,silver,silver/20260303_155244_423_silver_13.jpg,1,640,480,30
1772563964.430416,silver,silver/20260303_155244_430_silver_14.jpg,1,640,480,30
1772563964.437471,silver,silver/20260303_155244_437_silver_15.jpg,1,640,480,30
1772563964.443636,silver,silver/20260303_155244_443_silver_16.jpg,1,640,480,30
1772563964.450333,silver,silver/20260303_155244_450_silver_17.jpg,1,640,480,30
1772563964.456817,silver,silver/20260303_155244_456_silver_18.jpg,1,640,480,30
1772563964.464392,silver,silver/20260303_155244_464_silver_19.jpg,1,640,480,30
1772563964.472041,silver,silver/20260303_155244_472_silver_20.jpg,1,640,480,30
1772563964.481703,silver,silver/20260303_155244_481_silver_21.jpg,1,640,480,30
1772563964.488119,silver,silver/20260303_155244_488_silver_22.jpg,1,640,480,30
1772563964.505407,silver,silver/20260303_155244_505_silver_23.jpg,1,640,480,30
1772563964.512418,silver,silver/20260303_155244_512_silver_24.jpg,1,640,480,30
1772563964.519099,silver,silver/20260303_155244_519_silver_25.jpg,1,640,480,30
1772563964.527293,silver,silver/20260303_155244_527_silver_26.jpg,1,640,480,30
1772563964.533851,silver,silver/20260303_155244_533_silver_27.jpg,1,640,480,30
1772563964.541951,silver,silver/20260303_155244_541_silver_28.jpg,1,640,480,30
1772563964.549671,silver,silver/20260303_155244_549_silver_29.jpg,1,640,480,30
1772563964.556805,silver,silver/20260303_155244_556_silver_30.jpg,1,640,480,30
1772563965.191013,silver,silver/20260303_155245_191_silver_00.jpg,1,640,480,30
1772563965.196217,silver,silver/20260303_155245_196_silver_01.jpg,1,640,480,30
1772563965.200905,silver,silver/20260303_155245_200_silver_02.jpg,1,640,480,30
1772563965.204982,silver,silver/20260303_155245_204_silver_03.jpg,1,640,480,30
1772563965.210088,silver,silver/20260303_155245_210_silver_04.jpg,1,640,480,30
1772563965.219025,silver,silver/20260303_155245_219_silver_05.jpg,1,640,480,30
1772563965.225268,silver,silver/20260303_155245_225_silver_06.jpg,1,640,480,30
1772563965.231252,silver,silver/20260303_155245_231_silver_07.jpg,1,640,480,30
1772563965.237514,silver,silver/20260303_155245_237_silver_08.jpg,1,640,480,30
1772563965.244080,silver,silver/20260303_155245_244_silver_09.jpg,1,640,480,30
1772563965.249681,silver,silver/20260303_155245_249_silver_10.jpg,1,640,480,30
1772563965.254001,silver,silver/20260303_155245_254_silver_11.jpg,1,640,480,30
1772563965.258308,silver,silver/20260303_155245_258_silver_12.jpg,1,640,480,30
1772563965.263780,silver,silver/20260303_155245_263_silver_13.jpg,1,640,480,30
1772563965.268282,silver,silver/20260303_155245_268_silver_14.jpg,1,640,480,30
1772563965.273785,silver,silver/20260303_155245_273_silver_15.jpg,1,640,480,30
1772563965.277497,silver,silver/20260303_155245_277_silver_16.jpg,1,640,480,30
1772563965.281784,silver,silver/20260303_155245_281_silver_17.jpg,1,640,480,30
1772563965.286142,silver,silver/20260303_155245_286_silver_18.jpg,1,640,480,30
1772563965.290548,silver,silver/20260303_155245_290_silver_19.jpg,1,640,480,30
1772563965.295103,silver,silver/20260303_155245_295_silver_20.jpg,1,640,480,30
1772563965.299287,silver,silver/20260303_155245_299_silver_21.jpg,1,640,480,30
1772563965.305893,silver,silver/20260303_155245_305_silver_22.jpg,1,640,480,30
1772563965.312966,silver,silver/20260303_155245_312_silver_23.jpg,1,640,480,30
1772563965.317136,silver,silver/20260303_155245_317_silver_24.jpg,1,640,480,30
1772563965.323331,silver,silver/20260303_155245_323_silver_25.jpg,1,640,480,30
1772563965.332990,silver,silver/20260303_155245_332_silver_26.jpg,1,640,480,30
1772563965.338064,silver,silver/20260303_155245_338_silver_27.jpg,1,640,480,30
1772563965.343107,silver,silver/20260303_155245_343_silver_28.jpg,1,640,480,30
1772563965.357467,silver,silver/20260303_155245_357_silver_29.jpg,1,640,480,30
1772563965.368152,silver,silver/20260303_155245_368_silver_30.jpg,1,640,480,30
1772563966.053819,silver,silver/20260303_155246_053_silver_00.jpg,1,640,480,30
1772563966.058526,silver,silver/20260303_155246_058_silver_01.jpg,1,640,480,30
1772563966.062074,silver,silver/20260303_155246_062_silver_02.jpg,1,640,480,30
1772563966.070209,silver,silver/20260303_155246_070_silver_03.jpg,1,640,480,30
1772563966.079408,silver,silver/20260303_155246_079_silver_04.jpg,1,640,480,30
1772563966.089163,silver,silver/20260303_155246_089_silver_05.jpg,1,640,480,30
1772563966.098490,silver,silver/20260303_155246_098_silver_06.jpg,1,640,480,30
1772563966.113625,silver,silver/20260303_155246_113_silver_07.jpg,1,640,480,30
1772563966.132937,silver,silver/20260303_155246_132_silver_08.jpg,1,640,480,30
1772563966.141053,silver,silver/20260303_155246_141_silver_09.jpg,1,640,480,30
1772563966.149600,silver,silver/20260303_155246_149_silver_10.jpg,1,640,480,30
1772563966.155493,silver,silver/20260303_155246_155_silver_11.jpg,1,640,480,30
1772563966.162153,silver,silver/20260303_155246_162_silver_12.jpg,1,640,480,30
1772563966.170158,silver,silver/20260303_155246_170_silver_13.jpg,1,640,480,30
1772563966.172908,silver,silver/20260303_155246_172_silver_14.jpg,1,640,480,30
1772563966.178360,silver,silver/20260303_155246_178_silver_15.jpg,1,640,480,30
1772563966.185221,silver,silver/20260303_155246_185_silver_16.jpg,1,640,480,30
1772563966.191209,silver,silver/20260303_155246_191_silver_17.jpg,1,640,480,30
1772563966.197953,silver,silver/20260303_155246_197_silver_18.jpg,1,640,480,30
1772563966.206352,silver,silver/20260303_155246_206_silver_19.jpg,1,640,480,30
1772563966.215148,silver,silver/20260303_155246_215_silver_20.jpg,1,640,480,30
1772563966.224010,silver,silver/20260303_155246_224_silver_21.jpg,1,640,480,30
1772563966.230134,silver,silver/20260303_155246_230_silver_22.jpg,1,640,480,30
1772563966.238956,silver,silver/20260303_155246_238_silver_23.jpg,1,640,480,30
1772563966.247589,silver,silver/20260303_155246_247_silver_24.jpg,1,640,480,30
1772563966.255186,silver,silver/20260303_155246_255_silver_25.jpg,1,640,480,30
1772563966.265594,silver,silver/20260303_155246_265_silver_26.jpg,1,640,480,30
1772563966.273442,silver,silver/20260303_155246_273_silver_27.jpg,1,640,480,30
1772563966.276573,silver,silver/20260303_155246_276_silver_28.jpg,1,640,480,30
1772563966.284939,silver,silver/20260303_155246_284_silver_29.jpg,1,640,480,30
1772563966.288022,silver,silver/20260303_155246_288_silver_30.jpg,1,640,480,30
1772563969.356157,silver,silver/20260303_155249_356_silver_00.jpg,1,640,480,30
1772563969.363179,silver,silver/20260303_155249_363_silver_01.jpg,1,640,480,30
1772563969.370490,silver,silver/20260303_155249_370_silver_02.jpg,1,640,480,30
1772563969.377367,silver,silver/20260303_155249_377_silver_03.jpg,1,640,480,30
1772563969.388440,silver,silver/20260303_155249_388_silver_04.jpg,1,640,480,30
1772563969.396898,silver,silver/20260303_155249_396_silver_05.jpg,1,640,480,30
1772563969.404509,silver,silver/20260303_155249_404_silver_06.jpg,1,640,480,30
1772563969.411690,silver,silver/20260303_155249_411_silver_07.jpg,1,640,480,30
1772563969.419282,silver,silver/20260303_155249_419_silver_08.jpg,1,640,480,30
1772563969.426587,silver,silver/20260303_155249_426_silver_09.jpg,1,640,480,30
1772563969.433537,silver,silver/20260303_155249_433_silver_10.jpg,1,640,480,30
1772563969.441251,silver,silver/20260303_155249_441_silver_11.jpg,1,640,480,30
1772563969.448656,silver,silver/20260303_155249_448_silver_12.jpg,1,640,480,30
1772563969.455371,silver,silver/20260303_155249_455_silver_13.jpg,1,640,480,30
1772563969.463178,silver,silver/20260303_155249_463_silver_14.jpg,1,640,480,30
1772563969.470183,silver,silver/20260303_155249_470_silver_15.jpg,1,640,480,30
1772563969.477059,silver,silver/20260303_155249_477_silver_16.jpg,1,640,480,30
1772563969.483257,silver,silver/20260303_155249_483_silver_17.jpg,1,640,480,30
1772563969.490507,silver,silver/20260303_155249_490_silver_18.jpg,1,640,480,30
1772563969.496891,silver,silver/20260303_155249_496_silver_19.jpg,1,640,480,30
1772563969.503975,silver,silver/20260303_155249_503_silver_20.jpg,1,640,480,30
1772563969.511120,silver,silver/20260303_155249_511_silver_21.jpg,1,640,480,30
1772563969.517790,silver,silver/20260303_155249_517_silver_22.jpg,1,640,480,30
1772563969.524979,silver,silver/20260303_155249_524_silver_23.jpg,1,640,480,30
1772563969.531806,silver,silver/20260303_155249_531_silver_24.jpg,1,640,480,30
1772563969.544044,silver,silver/20260303_155249_544_silver_25.jpg,1,640,480,30
1772563969.550806,silver,silver/20260303_155249_550_silver_26.jpg,1,640,480,30
1772563969.559306,silver,silver/20260303_155249_559_silver_27.jpg,1,640,480,30
1772563969.567164,silver,silver/20260303_155249_567_silver_28.jpg,1,640,480,30
1772563969.574299,silver,silver/20260303_155249_574_silver_29.jpg,1,640,480,30
1772563969.581661,silver,silver/20260303_155249_581_silver_30.jpg,1,640,480,30
1772563970.498334,silver,silver/20260303_155250_498_silver_00.jpg,1,640,480,30
1772563970.507066,silver,silver/20260303_155250_507_silver_01.jpg,1,640,480,30
1772563970.514274,silver,silver/20260303_155250_514_silver_02.jpg,1,640,480,30
1772563970.521964,silver,silver/20260303_155250_521_silver_03.jpg,1,640,480,30
1772563970.529304,silver,silver/20260303_155250_529_silver_04.jpg,1,640,480,30
1772563970.537234,silver,silver/20260303_155250_537_silver_05.jpg,1,640,480,30
1772563970.544261,silver,silver/20260303_155250_544_silver_06.jpg,1,640,480,30
1772563970.550643,silver,silver/20260303_155250_550_silver_07.jpg,1,640,480,30
1772563970.558316,silver,silver/20260303_155250_558_silver_08.jpg,1,640,480,30
1772563970.565958,silver,silver/20260303_155250_565_silver_09.jpg,1,640,480,30
1772563970.572919,silver,silver/20260303_155250_572_silver_10.jpg,1,640,480,30
1772563970.579851,silver,silver/20260303_155250_579_silver_11.jpg,1,640,480,30
1772563970.586578,silver,silver/20260303_155250_586_silver_12.jpg,1,640,480,30
1772563970.593476,silver,silver/20260303_155250_593_silver_13.jpg,1,640,480,30
1772563970.600583,silver,silver/20260303_155250_600_silver_14.jpg,1,640,480,30
1772563970.607321,silver,silver/20260303_155250_607_silver_15.jpg,1,640,480,30
1772563970.615237,silver,silver/20260303_155250_615_silver_16.jpg,1,640,480,30
1772563970.621984,silver,silver/20260303_155250_621_silver_17.jpg,1,640,480,30
1772563970.629319,silver,silver/20260303_155250_629_silver_18.jpg,1,640,480,30
1772563970.648118,silver,silver/20260303_155250_648_silver_19.jpg,1,640,480,30
1772563970.655066,silver,silver/20260303_155250_655_silver_20.jpg,1,640,480,30
1772563970.662109,silver,silver/20260303_155250_662_silver_21.jpg,1,640,480,30
1772563970.668793,silver,silver/20260303_155250_668_silver_22.jpg,1,640,480,30
1772563970.676295,silver,silver/20260303_155250_676_silver_23.jpg,1,640,480,30
1772563970.682929,silver,silver/20260303_155250_682_silver_24.jpg,1,640,480,30
1772563970.689903,silver,silver/20260303_155250_689_silver_25.jpg,1,640,480,30
1772563970.697300,silver,silver/20260303_155250_697_silver_26.jpg,1,640,480,30
1772563970.704749,silver,silver/20260303_155250_704_silver_27.jpg,1,640,480,30
1772563970.711697,silver,silver/20260303_155250_711_silver_28.jpg,1,640,480,30
1772563970.718796,silver,silver/20260303_155250_718_silver_29.jpg,1,640,480,30
1772563970.724808,silver,silver/20260303_155250_724_silver_30.jpg,1,640,480,30
1772563995.756685,no_silver,no_silver/20260303_155315_756_no_silver_00.jpg,1,640,480,30
1772563995.776755,no_silver,no_silver/20260303_155315_776_no_silver_01.jpg,1,640,480,30
1772563995.780342,no_silver,no_silver/20260303_155315_780_no_silver_02.jpg,1,640,480,30
1772563995.788131,no_silver,no_silver/20260303_155315_788_no_silver_03.jpg,1,640,480,30
1772563995.792430,no_silver,no_silver/20260303_155315_792_no_silver_04.jpg,1,640,480,30
1772563995.795633,no_silver,no_silver/20260303_155315_795_no_silver_05.jpg,1,640,480,30
1772563995.798665,no_silver,no_silver/20260303_155315_798_no_silver_06.jpg,1,640,480,30
1772563995.802056,no_silver,no_silver/20260303_155315_802_no_silver_07.jpg,1,640,480,30
1772563995.804571,no_silver,no_silver/20260303_155315_804_no_silver_08.jpg,1,640,480,30
1772563995.807794,no_silver,no_silver/20260303_155315_807_no_silver_09.jpg,1,640,480,30
1772563995.811296,no_silver,no_silver/20260303_155315_811_no_silver_10.jpg,1,640,480,30
1772563995.814320,no_silver,no_silver/20260303_155315_814_no_silver_11.jpg,1,640,480,30
1772563995.817203,no_silver,no_silver/20260303_155315_817_no_silver_12.jpg,1,640,480,30
1772563995.820083,no_silver,no_silver/20260303_155315_820_no_silver_13.jpg,1,640,480,30
1772563995.823110,no_silver,no_silver/20260303_155315_823_no_silver_14.jpg,1,640,480,30
1772563995.826336,no_silver,no_silver/20260303_155315_826_no_silver_15.jpg,1,640,480,30
1772563995.831754,no_silver,no_silver/20260303_155315_831_no_silver_16.jpg,1,640,480,30
1772563995.834993,no_silver,no_silver/20260303_155315_834_no_silver_17.jpg,1,640,480,30
1772563995.837182,no_silver,no_silver/20260303_155315_837_no_silver_18.jpg,1,640,480,30
1772563995.840433,no_silver,no_silver/20260303_155315_840_no_silver_19.jpg,1,640,480,30
1772563995.843697,no_silver,no_silver/20260303_155315_843_no_silver_20.jpg,1,640,480,30
1772563995.846939,no_silver,no_silver/20260303_155315_846_no_silver_21.jpg,1,640,480,30
1772563995.849803,no_silver,no_silver/20260303_155315_849_no_silver_22.jpg,1,640,480,30
1772563995.851902,no_silver,no_silver/20260303_155315_851_no_silver_23.jpg,1,640,480,30
1772563995.854277,no_silver,no_silver/20260303_155315_854_no_silver_24.jpg,1,640,480,30
1772563995.859390,no_silver,no_silver/20260303_155315_859_no_silver_25.jpg,1,640,480,30
1772563995.862098,no_silver,no_silver/20260303_155315_862_no_silver_26.jpg,1,640,480,30
1772563995.865677,no_silver,no_silver/20260303_155315_865_no_silver_27.jpg,1,640,480,30
1772563995.868179,no_silver,no_silver/20260303_155315_868_no_silver_28.jpg,1,640,480,30
1772563995.870595,no_silver,no_silver/20260303_155315_870_no_silver_29.jpg,1,640,480,30
1772563995.873724,no_silver,no_silver/20260303_155315_873_no_silver_30.jpg,1,640,480,30
1772564001.576261,no_silver,no_silver/20260303_155321_576_no_silver_00.jpg,1,640,480,30
1772564001.585241,no_silver,no_silver/20260303_155321_585_no_silver_01.jpg,1,640,480,30
1772564001.592703,no_silver,no_silver/20260303_155321_592_no_silver_02.jpg,1,640,480,30
1772564001.600968,no_silver,no_silver/20260303_155321_600_no_silver_03.jpg,1,640,480,30
1772564001.607217,no_silver,no_silver/20260303_155321_607_no_silver_04.jpg,1,640,480,30
1772564001.616658,no_silver,no_silver/20260303_155321_616_no_silver_05.jpg,1,640,480,30
1772564001.625214,no_silver,no_silver/20260303_155321_625_no_silver_06.jpg,1,640,480,30
1772564001.632506,no_silver,no_silver/20260303_155321_632_no_silver_07.jpg,1,640,480,30
1772564001.639377,no_silver,no_silver/20260303_155321_639_no_silver_08.jpg,1,640,480,30
1772564001.646814,no_silver,no_silver/20260303_155321_646_no_silver_09.jpg,1,640,480,30
1772564001.653718,no_silver,no_silver/20260303_155321_653_no_silver_10.jpg,1,640,480,30
1772564001.660584,no_silver,no_silver/20260303_155321_660_no_silver_11.jpg,1,640,480,30
1772564001.668250,no_silver,no_silver/20260303_155321_668_no_silver_12.jpg,1,640,480,30
1772564001.675094,no_silver,no_silver/20260303_155321_675_no_silver_13.jpg,1,640,480,30
1772564001.682594,no_silver,no_silver/20260303_155321_682_no_silver_14.jpg,1,640,480,30
1772564001.694395,no_silver,no_silver/20260303_155321_694_no_silver_15.jpg,1,640,480,30
1772564001.702739,no_silver,no_silver/20260303_155321_702_no_silver_16.jpg,1,640,480,30
1772564001.709676,no_silver,no_silver/20260303_155321_709_no_silver_17.jpg,1,640,480,30
1772564001.716635,no_silver,no_silver/20260303_155321_716_no_silver_18.jpg,1,640,480,30
1772564001.725268,no_silver,no_silver/20260303_155321_725_no_silver_19.jpg,1,640,480,30
1772564001.733750,no_silver,no_silver/20260303_155321_733_no_silver_20.jpg,1,640,480,30
1772564001.742171,no_silver,no_silver/20260303_155321_742_no_silver_21.jpg,1,640,480,30
1772564001.749921,no_silver,no_silver/20260303_155321_749_no_silver_22.jpg,1,640,480,30
1772564001.758182,no_silver,no_silver/20260303_155321_758_no_silver_23.jpg,1,640,480,30
1772564001.765322,no_silver,no_silver/20260303_155321_765_no_silver_24.jpg,1,640,480,30
1772564001.772333,no_silver,no_silver/20260303_155321_772_no_silver_25.jpg,1,640,480,30
1772564001.780344,no_silver,no_silver/20260303_155321_780_no_silver_26.jpg,1,640,480,30
1772564001.787308,no_silver,no_silver/20260303_155321_787_no_silver_27.jpg,1,640,480,30
1772564001.796155,no_silver,no_silver/20260303_155321_796_no_silver_28.jpg,1,640,480,30
1772564001.804250,no_silver,no_silver/20260303_155321_804_no_silver_29.jpg,1,640,480,30
1772564001.811985,no_silver,no_silver/20260303_155321_811_no_silver_30.jpg,1,640,480,30
1772564005.037211,no_silver,no_silver/20260303_155325_037_no_silver_00.jpg,1,640,480,30
1772564005.048233,no_silver,no_silver/20260303_155325_048_no_silver_01.jpg,1,640,480,30
1772564005.054845,no_silver,no_silver/20260303_155325_054_no_silver_02.jpg,1,640,480,30
1772564005.061829,no_silver,no_silver/20260303_155325_061_no_silver_03.jpg,1,640,480,30
1772564005.069950,no_silver,no_silver/20260303_155325_069_no_silver_04.jpg,1,640,480,30
1772564005.077408,no_silver,no_silver/20260303_155325_077_no_silver_05.jpg,1,640,480,30
1772564005.085649,no_silver,no_silver/20260303_155325_085_no_silver_06.jpg,1,640,480,30
1772564005.094674,no_silver,no_silver/20260303_155325_094_no_silver_07.jpg,1,640,480,30
1772564005.103420,no_silver,no_silver/20260303_155325_103_no_silver_08.jpg,1,640,480,30
1772564005.111119,no_silver,no_silver/20260303_155325_111_no_silver_09.jpg,1,640,480,30
1772564005.118011,no_silver,no_silver/20260303_155325_118_no_silver_10.jpg,1,640,480,30
1772564005.125293,no_silver,no_silver/20260303_155325_125_no_silver_11.jpg,1,640,480,30
1772564005.132627,no_silver,no_silver/20260303_155325_132_no_silver_12.jpg,1,640,480,30
1772564005.139561,no_silver,no_silver/20260303_155325_139_no_silver_13.jpg,1,640,480,30
1772564005.146282,no_silver,no_silver/20260303_155325_146_no_silver_14.jpg,1,640,480,30
1772564005.152641,no_silver,no_silver/20260303_155325_152_no_silver_15.jpg,1,640,480,30
1772564005.158303,no_silver,no_silver/20260303_155325_158_no_silver_16.jpg,1,640,480,30
1772564005.164854,no_silver,no_silver/20260303_155325_164_no_silver_17.jpg,1,640,480,30
1772564005.171576,no_silver,no_silver/20260303_155325_171_no_silver_18.jpg,1,640,480,30
1772564005.179770,no_silver,no_silver/20260303_155325_179_no_silver_19.jpg,1,640,480,30
1772564005.186472,no_silver,no_silver/20260303_155325_186_no_silver_20.jpg,1,640,480,30
1772564005.193125,no_silver,no_silver/20260303_155325_193_no_silver_21.jpg,1,640,480,30
1772564005.200659,no_silver,no_silver/20260303_155325_200_no_silver_22.jpg,1,640,480,30
1772564005.207334,no_silver,no_silver/20260303_155325_207_no_silver_23.jpg,1,640,480,30
1772564005.214167,no_silver,no_silver/20260303_155325_214_no_silver_24.jpg,1,640,480,30
1772564005.222044,no_silver,no_silver/20260303_155325_222_no_silver_25.jpg,1,640,480,30
1772564005.230938,no_silver,no_silver/20260303_155325_230_no_silver_26.jpg,1,640,480,30
1772564005.239897,no_silver,no_silver/20260303_155325_239_no_silver_27.jpg,1,640,480,30
1772564005.246635,no_silver,no_silver/20260303_155325_246_no_silver_28.jpg,1,640,480,30
1772564005.253369,no_silver,no_silver/20260303_155325_253_no_silver_29.jpg,1,640,480,30
1772564005.259507,no_silver,no_silver/20260303_155325_259_no_silver_30.jpg,1,640,480,30
1772564005.772741,no_silver,no_silver/20260303_155325_772_no_silver_00.jpg,1,640,480,30
1772564005.780627,no_silver,no_silver/20260303_155325_780_no_silver_01.jpg,1,640,480,30
1772564005.787757,no_silver,no_silver/20260303_155325_787_no_silver_02.jpg,1,640,480,30
1772564005.794731,no_silver,no_silver/20260303_155325_794_no_silver_03.jpg,1,640,480,30
1772564005.801236,no_silver,no_silver/20260303_155325_801_no_silver_04.jpg,1,640,480,30
1772564005.808417,no_silver,no_silver/20260303_155325_808_no_silver_05.jpg,1,640,480,30
1772564005.814744,no_silver,no_silver/20260303_155325_814_no_silver_06.jpg,1,640,480,30
1772564005.820749,no_silver,no_silver/20260303_155325_820_no_silver_07.jpg,1,640,480,30
1772564005.828255,no_silver,no_silver/20260303_155325_828_no_silver_08.jpg,1,640,480,30
1772564005.837248,no_silver,no_silver/20260303_155325_837_no_silver_09.jpg,1,640,480,30
1772564005.844978,no_silver,no_silver/20260303_155325_844_no_silver_10.jpg,1,640,480,30
1772564005.852376,no_silver,no_silver/20260303_155325_852_no_silver_11.jpg,1,640,480,30
1772564005.859396,no_silver,no_silver/20260303_155325_859_no_silver_12.jpg,1,640,480,30
1772564005.866221,no_silver,no_silver/20260303_155325_866_no_silver_13.jpg,1,640,480,30
1772564005.872807,no_silver,no_silver/20260303_155325_872_no_silver_14.jpg,1,640,480,30
1772564005.879400,no_silver,no_silver/20260303_155325_879_no_silver_15.jpg,1,640,480,30
1772564005.885717,no_silver,no_silver/20260303_155325_885_no_silver_16.jpg,1,640,480,30
1772564005.896112,no_silver,no_silver/20260303_155325_896_no_silver_17.jpg,1,640,480,30
1772564005.906679,no_silver,no_silver/20260303_155325_906_no_silver_18.jpg,1,640,480,30
1772564005.913096,no_silver,no_silver/20260303_155325_913_no_silver_19.jpg,1,640,480,30
1772564005.919831,no_silver,no_silver/20260303_155325_919_no_silver_20.jpg,1,640,480,30
1772564005.926814,no_silver,no_silver/20260303_155325_926_no_silver_21.jpg,1,640,480,30
1772564005.933786,no_silver,no_silver/20260303_155325_933_no_silver_22.jpg,1,640,480,30
1772564005.941957,no_silver,no_silver/20260303_155325_941_no_silver_23.jpg,1,640,480,30
1772564005.950963,no_silver,no_silver/20260303_155325_950_no_silver_24.jpg,1,640,480,30
1772564005.958339,no_silver,no_silver/20260303_155325_958_no_silver_25.jpg,1,640,480,30
1772564005.965113,no_silver,no_silver/20260303_155325_965_no_silver_26.jpg,1,640,480,30
1772564005.971832,no_silver,no_silver/20260303_155325_971_no_silver_27.jpg,1,640,480,30
1772564005.978747,no_silver,no_silver/20260303_155325_978_no_silver_28.jpg,1,640,480,30
1772564005.985669,no_silver,no_silver/20260303_155325_985_no_silver_29.jpg,1,640,480,30
1772564005.992801,no_silver,no_silver/20260303_155325_992_no_silver_30.jpg,1,640,480,30
1772564006.406587,no_silver,no_silver/20260303_155326_406_no_silver_00.jpg,1,640,480,30
1772564006.415514,no_silver,no_silver/20260303_155326_415_no_silver_01.jpg,1,640,480,30
1772564006.422095,no_silver,no_silver/20260303_155326_422_no_silver_02.jpg,1,640,480,30
1772564006.429327,no_silver,no_silver/20260303_155326_429_no_silver_03.jpg,1,640,480,30
1772564006.436479,no_silver,no_silver/20260303_155326_436_no_silver_04.jpg,1,640,480,30
1772564006.442725,no_silver,no_silver/20260303_155326_442_no_silver_05.jpg,1,640,480,30
1772564006.449817,no_silver,no_silver/20260303_155326_449_no_silver_06.jpg,1,640,480,30
1772564006.456489,no_silver,no_silver/20260303_155326_456_no_silver_07.jpg,1,640,480,30
1772564006.463257,no_silver,no_silver/20260303_155326_463_no_silver_08.jpg,1,640,480,30
1772564006.470707,no_silver,no_silver/20260303_155326_470_no_silver_09.jpg,1,640,480,30
1772564006.477460,no_silver,no_silver/20260303_155326_477_no_silver_10.jpg,1,640,480,30
1772564006.485245,no_silver,no_silver/20260303_155326_485_no_silver_11.jpg,1,640,480,30
1772564006.493050,no_silver,no_silver/20260303_155326_493_no_silver_12.jpg,1,640,480,30
1772564006.500793,no_silver,no_silver/20260303_155326_500_no_silver_13.jpg,1,640,480,30
1772564006.508005,no_silver,no_silver/20260303_155326_508_no_silver_14.jpg,1,640,480,30
1772564006.515183,no_silver,no_silver/20260303_155326_515_no_silver_15.jpg,1,640,480,30
1772564006.526338,no_silver,no_silver/20260303_155326_526_no_silver_16.jpg,1,640,480,30
1772564006.533716,no_silver,no_silver/20260303_155326_533_no_silver_17.jpg,1,640,480,30
1772564006.541732,no_silver,no_silver/20260303_155326_541_no_silver_18.jpg,1,640,480,30
1772564006.552075,no_silver,no_silver/20260303_155326_552_no_silver_19.jpg,1,640,480,30
1772564006.563100,no_silver,no_silver/20260303_155326_563_no_silver_20.jpg,1,640,480,30
1772564006.573664,no_silver,no_silver/20260303_155326_573_no_silver_21.jpg,1,640,480,30
1772564006.581862,no_silver,no_silver/20260303_155326_581_no_silver_22.jpg,1,640,480,30
1772564006.588885,no_silver,no_silver/20260303_155326_588_no_silver_23.jpg,1,640,480,30
1772564006.596485,no_silver,no_silver/20260303_155326_596_no_silver_24.jpg,1,640,480,30
1772564006.604026,no_silver,no_silver/20260303_155326_604_no_silver_25.jpg,1,640,480,30
1772564006.611620,no_silver,no_silver/20260303_155326_611_no_silver_26.jpg,1,640,480,30
1772564006.618637,no_silver,no_silver/20260303_155326_618_no_silver_27.jpg,1,640,480,30
1772564006.626012,no_silver,no_silver/20260303_155326_626_no_silver_28.jpg,1,640,480,30
1772564006.633664,no_silver,no_silver/20260303_155326_633_no_silver_29.jpg,1,640,480,30
1772564006.641318,no_silver,no_silver/20260303_155326_641_no_silver_30.jpg,1,640,480,30
1772564011.015926,no_silver,no_silver/20260303_155331_015_no_silver_00.jpg,1,640,480,30
1772564011.019913,no_silver,no_silver/20260303_155331_019_no_silver_01.jpg,1,640,480,30
1772564011.023548,no_silver,no_silver/20260303_155331_023_no_silver_02.jpg,1,640,480,30
1772564011.026973,no_silver,no_silver/20260303_155331_026_no_silver_03.jpg,1,640,480,30
1772564011.030217,no_silver,no_silver/20260303_155331_030_no_silver_04.jpg,1,640,480,30
1772564011.034170,no_silver,no_silver/20260303_155331_034_no_silver_05.jpg,1,640,480,30
1772564011.037583,no_silver,no_silver/20260303_155331_037_no_silver_06.jpg,1,640,480,30
1772564011.041251,no_silver,no_silver/20260303_155331_041_no_silver_07.jpg,1,640,480,30
1772564011.044624,no_silver,no_silver/20260303_155331_044_no_silver_08.jpg,1,640,480,30
1772564011.048973,no_silver,no_silver/20260303_155331_048_no_silver_09.jpg,1,640,480,30
1772564011.056639,no_silver,no_silver/20260303_155331_056_no_silver_10.jpg,1,640,480,30
1772564011.059492,no_silver,no_silver/20260303_155331_059_no_silver_11.jpg,1,640,480,30
1772564011.067226,no_silver,no_silver/20260303_155331_067_no_silver_12.jpg,1,640,480,30
1772564011.070734,no_silver,no_silver/20260303_155331_070_no_silver_13.jpg,1,640,480,30
1772564011.074457,no_silver,no_silver/20260303_155331_074_no_silver_14.jpg,1,640,480,30
1772564011.078198,no_silver,no_silver/20260303_155331_078_no_silver_15.jpg,1,640,480,30
1772564011.082224,no_silver,no_silver/20260303_155331_082_no_silver_16.jpg,1,640,480,30
1772564011.085542,no_silver,no_silver/20260303_155331_085_no_silver_17.jpg,1,640,480,30
1772564011.089072,no_silver,no_silver/20260303_155331_089_no_silver_18.jpg,1,640,480,30
1772564011.092072,no_silver,no_silver/20260303_155331_092_no_silver_19.jpg,1,640,480,30
1772564011.096043,no_silver,no_silver/20260303_155331_096_no_silver_20.jpg,1,640,480,30
1772564011.099151,no_silver,no_silver/20260303_155331_099_no_silver_21.jpg,1,640,480,30
1772564011.102722,no_silver,no_silver/20260303_155331_102_no_silver_22.jpg,1,640,480,30
1772564011.106269,no_silver,no_silver/20260303_155331_106_no_silver_23.jpg,1,640,480,30
1772564011.109085,no_silver,no_silver/20260303_155331_109_no_silver_24.jpg,1,640,480,30
1772564011.112676,no_silver,no_silver/20260303_155331_112_no_silver_25.jpg,1,640,480,30
1772564011.115976,no_silver,no_silver/20260303_155331_115_no_silver_26.jpg,1,640,480,30
1772564011.119078,no_silver,no_silver/20260303_155331_119_no_silver_27.jpg,1,640,480,30
1772564011.122131,no_silver,no_silver/20260303_155331_122_no_silver_28.jpg,1,640,480,30
1772564011.124956,no_silver,no_silver/20260303_155331_124_no_silver_29.jpg,1,640,480,30
1772564011.128041,no_silver,no_silver/20260303_155331_128_no_silver_30.jpg,1,640,480,30
1772564011.909518,no_silver,no_silver/20260303_155331_909_no_silver_00.jpg,1,640,480,30
1772564011.929294,no_silver,no_silver/20260303_155331_929_no_silver_01.jpg,1,640,480,30
1772564011.933848,no_silver,no_silver/20260303_155331_933_no_silver_02.jpg,1,640,480,30
1772564011.936921,no_silver,no_silver/20260303_155331_936_no_silver_03.jpg,1,640,480,30
1772564011.941008,no_silver,no_silver/20260303_155331_941_no_silver_04.jpg,1,640,480,30
1772564011.943212,no_silver,no_silver/20260303_155331_943_no_silver_05.jpg,1,640,480,30
1772564011.945127,no_silver,no_silver/20260303_155331_945_no_silver_06.jpg,1,640,480,30
1772564011.948172,no_silver,no_silver/20260303_155331_948_no_silver_07.jpg,1,640,480,30
1772564011.950360,no_silver,no_silver/20260303_155331_950_no_silver_08.jpg,1,640,480,30
1772564011.953005,no_silver,no_silver/20260303_155331_953_no_silver_09.jpg,1,640,480,30
1772564011.956101,no_silver,no_silver/20260303_155331_956_no_silver_10.jpg,1,640,480,30
1772564011.958293,no_silver,no_silver/20260303_155331_958_no_silver_11.jpg,1,640,480,30
1772564011.960795,no_silver,no_silver/20260303_155331_960_no_silver_12.jpg,1,640,480,30
1772564011.963357,no_silver,no_silver/20260303_155331_963_no_silver_13.jpg,1,640,480,30
1772564011.965672,no_silver,no_silver/20260303_155331_965_no_silver_14.jpg,1,640,480,30
1772564011.968829,no_silver,no_silver/20260303_155331_968_no_silver_15.jpg,1,640,480,30
1772564011.975481,no_silver,no_silver/20260303_155331_975_no_silver_16.jpg,1,640,480,30
1772564011.978163,no_silver,no_silver/20260303_155331_978_no_silver_17.jpg,1,640,480,30
1772564011.981061,no_silver,no_silver/20260303_155331_981_no_silver_18.jpg,1,640,480,30
1772564011.983359,no_silver,no_silver/20260303_155331_983_no_silver_19.jpg,1,640,480,30
1772564011.990597,no_silver,no_silver/20260303_155331_990_no_silver_20.jpg,1,640,480,30
1772564011.992636,no_silver,no_silver/20260303_155331_992_no_silver_21.jpg,1,640,480,30
1772564011.995567,no_silver,no_silver/20260303_155331_995_no_silver_22.jpg,1,640,480,30
1772564011.998271,no_silver,no_silver/20260303_155331_998_no_silver_23.jpg,1,640,480,30
1772564012.000963,no_silver,no_silver/20260303_155332_000_no_silver_24.jpg,1,640,480,30
1772564012.003688,no_silver,no_silver/20260303_155332_003_no_silver_25.jpg,1,640,480,30
1772564012.005708,no_silver,no_silver/20260303_155332_005_no_silver_26.jpg,1,640,480,30
1772564012.008236,no_silver,no_silver/20260303_155332_008_no_silver_27.jpg,1,640,480,30
1772564012.010920,no_silver,no_silver/20260303_155332_010_no_silver_28.jpg,1,640,480,30
1772564012.013090,no_silver,no_silver/20260303_155332_013_no_silver_29.jpg,1,640,480,30
1772564012.015864,no_silver,no_silver/20260303_155332_015_no_silver_30.jpg,1,640,480,30
1772564012.779281,no_silver,no_silver/20260303_155332_779_no_silver_00.jpg,1,640,480,30
1772564012.786807,no_silver,no_silver/20260303_155332_786_no_silver_01.jpg,1,640,480,30
1772564012.793169,no_silver,no_silver/20260303_155332_793_no_silver_02.jpg,1,640,480,30
1772564012.800817,no_silver,no_silver/20260303_155332_800_no_silver_03.jpg,1,640,480,30
1772564012.807189,no_silver,no_silver/20260303_155332_807_no_silver_04.jpg,1,640,480,30
1772564012.813750,no_silver,no_silver/20260303_155332_813_no_silver_05.jpg,1,640,480,30
1772564012.820592,no_silver,no_silver/20260303_155332_820_no_silver_06.jpg,1,640,480,30
1772564012.826465,no_silver,no_silver/20260303_155332_826_no_silver_07.jpg,1,640,480,30
1772564012.832810,no_silver,no_silver/20260303_155332_832_no_silver_08.jpg,1,640,480,30
1772564012.838659,no_silver,no_silver/20260303_155332_838_no_silver_09.jpg,1,640,480,30
1772564012.844871,no_silver,no_silver/20260303_155332_844_no_silver_10.jpg,1,640,480,30
1772564012.851250,no_silver,no_silver/20260303_155332_851_no_silver_11.jpg,1,640,480,30
1772564012.858009,no_silver,no_silver/20260303_155332_858_no_silver_12.jpg,1,640,480,30
1772564012.865144,no_silver,no_silver/20260303_155332_865_no_silver_13.jpg,1,640,480,30
1772564012.873134,no_silver,no_silver/20260303_155332_873_no_silver_14.jpg,1,640,480,30
1772564012.880028,no_silver,no_silver/20260303_155332_880_no_silver_15.jpg,1,640,480,30
1772564012.886514,no_silver,no_silver/20260303_155332_886_no_silver_16.jpg,1,640,480,30
1772564012.893381,no_silver,no_silver/20260303_155332_893_no_silver_17.jpg,1,640,480,30
1772564012.900116,no_silver,no_silver/20260303_155332_900_no_silver_18.jpg,1,640,480,30
1772564012.906760,no_silver,no_silver/20260303_155332_906_no_silver_19.jpg,1,640,480,30
1772564012.913764,no_silver,no_silver/20260303_155332_913_no_silver_20.jpg,1,640,480,30
1772564012.920713,no_silver,no_silver/20260303_155332_920_no_silver_21.jpg,1,640,480,30
1772564012.928075,no_silver,no_silver/20260303_155332_928_no_silver_22.jpg,1,640,480,30
1772564012.934592,no_silver,no_silver/20260303_155332_934_no_silver_23.jpg,1,640,480,30
1772564012.940887,no_silver,no_silver/20260303_155332_940_no_silver_24.jpg,1,640,480,30
1772564012.948020,no_silver,no_silver/20260303_155332_948_no_silver_25.jpg,1,640,480,30
1772564012.954658,no_silver,no_silver/20260303_155332_954_no_silver_26.jpg,1,640,480,30
1772564012.962251,no_silver,no_silver/20260303_155332_962_no_silver_27.jpg,1,640,480,30
1772564012.968554,no_silver,no_silver/20260303_155332_968_no_silver_28.jpg,1,640,480,30
1772564012.975062,no_silver,no_silver/20260303_155332_975_no_silver_29.jpg,1,640,480,30
1772564012.981908,no_silver,no_silver/20260303_155332_981_no_silver_30.jpg,1,640,480,30
1772564013.822326,no_silver,no_silver/20260303_155333_822_no_silver_00.jpg,1,640,480,30
1772564013.829617,no_silver,no_silver/20260303_155333_829_no_silver_01.jpg,1,640,480,30
1772564013.836297,no_silver,no_silver/20260303_155333_836_no_silver_02.jpg,1,640,480,30
1772564013.850785,no_silver,no_silver/20260303_155333_850_no_silver_03.jpg,1,640,480,30
1772564013.857689,no_silver,no_silver/20260303_155333_857_no_silver_04.jpg,1,640,480,30
1772564013.865023,no_silver,no_silver/20260303_155333_865_no_silver_05.jpg,1,640,480,30
1772564013.872002,no_silver,no_silver/20260303_155333_872_no_silver_06.jpg,1,640,480,30
1772564013.878848,no_silver,no_silver/20260303_155333_878_no_silver_07.jpg,1,640,480,30
1772564013.885292,no_silver,no_silver/20260303_155333_885_no_silver_08.jpg,1,640,480,30
1772564013.893820,no_silver,no_silver/20260303_155333_893_no_silver_09.jpg,1,640,480,30
1772564013.901659,no_silver,no_silver/20260303_155333_901_no_silver_10.jpg,1,640,480,30
1772564013.908754,no_silver,no_silver/20260303_155333_908_no_silver_11.jpg,1,640,480,30
1772564013.917397,no_silver,no_silver/20260303_155333_917_no_silver_12.jpg,1,640,480,30
1772564013.924701,no_silver,no_silver/20260303_155333_924_no_silver_13.jpg,1,640,480,30
1772564013.931716,no_silver,no_silver/20260303_155333_931_no_silver_14.jpg,1,640,480,30
1772564013.939238,no_silver,no_silver/20260303_155333_939_no_silver_15.jpg,1,640,480,30
1772564013.946798,no_silver,no_silver/20260303_155333_946_no_silver_16.jpg,1,640,480,30
1772564013.954058,no_silver,no_silver/20260303_155333_954_no_silver_17.jpg,1,640,480,30
1772564013.960934,no_silver,no_silver/20260303_155333_960_no_silver_18.jpg,1,640,480,30
1772564013.968044,no_silver,no_silver/20260303_155333_968_no_silver_19.jpg,1,640,480,30
1772564013.976238,no_silver,no_silver/20260303_155333_976_no_silver_20.jpg,1,640,480,30
1772564013.983154,no_silver,no_silver/20260303_155333_983_no_silver_21.jpg,1,640,480,30
1772564013.991608,no_silver,no_silver/20260303_155333_991_no_silver_22.jpg,1,640,480,30
1772564014.004570,no_silver,no_silver/20260303_155334_004_no_silver_23.jpg,1,640,480,30
1772564014.011060,no_silver,no_silver/20260303_155334_011_no_silver_24.jpg,1,640,480,30
1772564014.019142,no_silver,no_silver/20260303_155334_019_no_silver_25.jpg,1,640,480,30
1772564014.026080,no_silver,no_silver/20260303_155334_026_no_silver_26.jpg,1,640,480,30
1772564014.032686,no_silver,no_silver/20260303_155334_032_no_silver_27.jpg,1,640,480,30
1772564014.038910,no_silver,no_silver/20260303_155334_038_no_silver_28.jpg,1,640,480,30
1772564014.045911,no_silver,no_silver/20260303_155334_045_no_silver_29.jpg,1,640,480,30
1772564014.052767,no_silver,no_silver/20260303_155334_052_no_silver_30.jpg,1,640,480,30
1772564014.892253,no_silver,no_silver/20260303_155334_892_no_silver_00.jpg,1,640,480,30
1772564014.899402,no_silver,no_silver/20260303_155334_899_no_silver_01.jpg,1,640,480,30
1772564014.905993,no_silver,no_silver/20260303_155334_905_no_silver_02.jpg,1,640,480,30
1772564014.913123,no_silver,no_silver/20260303_155334_913_no_silver_03.jpg,1,640,480,30
1772564014.920632,no_silver,no_silver/20260303_155334_920_no_silver_04.jpg,1,640,480,30
1772564014.927829,no_silver,no_silver/20260303_155334_927_no_silver_05.jpg,1,640,480,30
1772564014.934812,no_silver,no_silver/20260303_155334_934_no_silver_06.jpg,1,640,480,30
1772564014.942388,no_silver,no_silver/20260303_155334_942_no_silver_07.jpg,1,640,480,30
1772564014.950374,no_silver,no_silver/20260303_155334_950_no_silver_08.jpg,1,640,480,30
1772564014.956825,no_silver,no_silver/20260303_155334_956_no_silver_09.jpg,1,640,480,30
1772564014.964679,no_silver,no_silver/20260303_155334_964_no_silver_10.jpg,1,640,480,30
1772564014.971069,no_silver,no_silver/20260303_155334_971_no_silver_11.jpg,1,640,480,30
1772564014.978396,no_silver,no_silver/20260303_155334_978_no_silver_12.jpg,1,640,480,30
1772564014.985966,no_silver,no_silver/20260303_155334_985_no_silver_13.jpg,1,640,480,30
1772564014.992462,no_silver,no_silver/20260303_155334_992_no_silver_14.jpg,1,640,480,30
1772564014.999036,no_silver,no_silver/20260303_155334_999_no_silver_15.jpg,1,640,480,30
1772564015.005785,no_silver,no_silver/20260303_155335_005_no_silver_16.jpg,1,640,480,30
1772564015.012121,no_silver,no_silver/20260303_155335_012_no_silver_17.jpg,1,640,480,30
1772564015.018698,no_silver,no_silver/20260303_155335_018_no_silver_18.jpg,1,640,480,30
1772564015.025115,no_silver,no_silver/20260303_155335_025_no_silver_19.jpg,1,640,480,30
1772564015.031120,no_silver,no_silver/20260303_155335_031_no_silver_20.jpg,1,640,480,30
1772564015.037412,no_silver,no_silver/20260303_155335_037_no_silver_21.jpg,1,640,480,30
1772564015.044606,no_silver,no_silver/20260303_155335_044_no_silver_22.jpg,1,640,480,30
1772564015.050894,no_silver,no_silver/20260303_155335_050_no_silver_23.jpg,1,640,480,30
1772564015.058067,no_silver,no_silver/20260303_155335_058_no_silver_24.jpg,1,640,480,30
1772564015.064479,no_silver,no_silver/20260303_155335_064_no_silver_25.jpg,1,640,480,30
1772564015.071561,no_silver,no_silver/20260303_155335_071_no_silver_26.jpg,1,640,480,30
1772564015.078046,no_silver,no_silver/20260303_155335_078_no_silver_27.jpg,1,640,480,30
1772564015.084567,no_silver,no_silver/20260303_155335_084_no_silver_28.jpg,1,640,480,30
1772564015.091671,no_silver,no_silver/20260303_155335_091_no_silver_29.jpg,1,640,480,30
1772564015.098055,no_silver,no_silver/20260303_155335_098_no_silver_30.jpg,1,640,480,30
1772564048.484632,no_silver,no_silver/20260303_155408_484_no_silver_00.jpg,1,640,480,30
1772564048.487165,no_silver,no_silver/20260303_155408_487_no_silver_01.jpg,1,640,480,30
1772564048.489040,no_silver,no_silver/20260303_155408_489_no_silver_02.jpg,1,640,480,30
1772564048.491882,no_silver,no_silver/20260303_155408_491_no_silver_03.jpg,1,640,480,30
1772564048.493564,no_silver,no_silver/20260303_155408_493_no_silver_04.jpg,1,640,480,30
1772564048.496406,no_silver,no_silver/20260303_155408_496_no_silver_05.jpg,1,640,480,30
1772564048.498792,no_silver,no_silver/20260303_155408_498_no_silver_06.jpg,1,640,480,30
1772564048.501200,no_silver,no_silver/20260303_155408_501_no_silver_07.jpg,1,640,480,30
1772564048.502789,no_silver,no_silver/20260303_155408_502_no_silver_08.jpg,1,640,480,30
1772564048.504477,no_silver,no_silver/20260303_155408_504_no_silver_09.jpg,1,640,480,30
1772564048.506538,no_silver,no_silver/20260303_155408_506_no_silver_10.jpg,1,640,480,30
1772564048.508275,no_silver,no_silver/20260303_155408_508_no_silver_11.jpg,1,640,480,30
1772564048.509961,no_silver,no_silver/20260303_155408_509_no_silver_12.jpg,1,640,480,30
1772564048.512288,no_silver,no_silver/20260303_155408_512_no_silver_13.jpg,1,640,480,30
1772564048.514659,no_silver,no_silver/20260303_155408_514_no_silver_14.jpg,1,640,480,30
1772564048.516625,no_silver,no_silver/20260303_155408_516_no_silver_15.jpg,1,640,480,30
1772564048.523151,no_silver,no_silver/20260303_155408_523_no_silver_16.jpg,1,640,480,30
1772564048.524762,no_silver,no_silver/20260303_155408_524_no_silver_17.jpg,1,640,480,30
1772564048.527593,no_silver,no_silver/20260303_155408_527_no_silver_18.jpg,1,640,480,30
1772564048.529334,no_silver,no_silver/20260303_155408_529_no_silver_19.jpg,1,640,480,30
1772564048.530885,no_silver,no_silver/20260303_155408_530_no_silver_20.jpg,1,640,480,30
1772564048.532417,no_silver,no_silver/20260303_155408_532_no_silver_21.jpg,1,640,480,30
1772564048.534369,no_silver,no_silver/20260303_155408_534_no_silver_22.jpg,1,640,480,30
1772564048.535902,no_silver,no_silver/20260303_155408_535_no_silver_23.jpg,1,640,480,30
1772564048.537459,no_silver,no_silver/20260303_155408_537_no_silver_24.jpg,1,640,480,30
1772564048.539783,no_silver,no_silver/20260303_155408_539_no_silver_25.jpg,1,640,480,30
1772564048.542234,no_silver,no_silver/20260303_155408_542_no_silver_26.jpg,1,640,480,30
1772564048.544098,no_silver,no_silver/20260303_155408_544_no_silver_27.jpg,1,640,480,30
1772564048.545886,no_silver,no_silver/20260303_155408_545_no_silver_28.jpg,1,640,480,30
1772564048.547453,no_silver,no_silver/20260303_155408_547_no_silver_29.jpg,1,640,480,30
1772564048.549536,no_silver,no_silver/20260303_155408_549_no_silver_30.jpg,1,640,480,30
1772564049.445825,no_silver,no_silver/20260303_155409_445_no_silver_00.jpg,1,640,480,30
1772564049.448448,no_silver,no_silver/20260303_155409_448_no_silver_01.jpg,1,640,480,30
1772564049.450898,no_silver,no_silver/20260303_155409_450_no_silver_02.jpg,1,640,480,30
1772564049.469884,no_silver,no_silver/20260303_155409_469_no_silver_03.jpg,1,640,480,30
1772564049.472434,no_silver,no_silver/20260303_155409_472_no_silver_04.jpg,1,640,480,30
1772564049.475553,no_silver,no_silver/20260303_155409_475_no_silver_05.jpg,1,640,480,30
1772564049.479102,no_silver,no_silver/20260303_155409_479_no_silver_06.jpg,1,640,480,30
1772564049.481188,no_silver,no_silver/20260303_155409_481_no_silver_07.jpg,1,640,480,30
1772564049.483483,no_silver,no_silver/20260303_155409_483_no_silver_08.jpg,1,640,480,30
1772564049.485925,no_silver,no_silver/20260303_155409_485_no_silver_09.jpg,1,640,480,30
1772564049.488938,no_silver,no_silver/20260303_155409_488_no_silver_10.jpg,1,640,480,30
1772564049.491605,no_silver,no_silver/20260303_155409_491_no_silver_11.jpg,1,640,480,30
1772564049.494085,no_silver,no_silver/20260303_155409_494_no_silver_12.jpg,1,640,480,30
1772564049.496192,no_silver,no_silver/20260303_155409_496_no_silver_13.jpg,1,640,480,30
1772564049.499245,no_silver,no_silver/20260303_155409_499_no_silver_14.jpg,1,640,480,30
1772564049.502274,no_silver,no_silver/20260303_155409_502_no_silver_15.jpg,1,640,480,30
1772564049.504155,no_silver,no_silver/20260303_155409_504_no_silver_16.jpg,1,640,480,30
1772564049.506269,no_silver,no_silver/20260303_155409_506_no_silver_17.jpg,1,640,480,30
1772564049.508630,no_silver,no_silver/20260303_155409_508_no_silver_18.jpg,1,640,480,30
1772564049.510752,no_silver,no_silver/20260303_155409_510_no_silver_19.jpg,1,640,480,30
1772564049.512616,no_silver,no_silver/20260303_155409_512_no_silver_20.jpg,1,640,480,30
1772564049.514549,no_silver,no_silver/20260303_155409_514_no_silver_21.jpg,1,640,480,30
1772564049.517122,no_silver,no_silver/20260303_155409_517_no_silver_22.jpg,1,640,480,30
1772564049.518749,no_silver,no_silver/20260303_155409_518_no_silver_23.jpg,1,640,480,30
1772564049.520503,no_silver,no_silver/20260303_155409_520_no_silver_24.jpg,1,640,480,30
1772564049.522259,no_silver,no_silver/20260303_155409_522_no_silver_25.jpg,1,640,480,30
1772564049.525024,no_silver,no_silver/20260303_155409_525_no_silver_26.jpg,1,640,480,30
1772564049.526921,no_silver,no_silver/20260303_155409_526_no_silver_27.jpg,1,640,480,30
1772564049.528548,no_silver,no_silver/20260303_155409_528_no_silver_28.jpg,1,640,480,30
1772564049.530648,no_silver,no_silver/20260303_155409_530_no_silver_29.jpg,1,640,480,30
1772564049.532991,no_silver,no_silver/20260303_155409_532_no_silver_30.jpg,1,640,480,30
1772564050.330722,no_silver,no_silver/20260303_155410_330_no_silver_00.jpg,1,640,480,30
1772564050.351274,no_silver,no_silver/20260303_155410_351_no_silver_01.jpg,1,640,480,30
1772564050.353080,no_silver,no_silver/20260303_155410_353_no_silver_02.jpg,1,640,480,30
1772564050.355699,no_silver,no_silver/20260303_155410_355_no_silver_03.jpg,1,640,480,30
1772564050.357856,no_silver,no_silver/20260303_155410_357_no_silver_04.jpg,1,640,480,30
1772564050.359922,no_silver,no_silver/20260303_155410_359_no_silver_05.jpg,1,640,480,30
1772564050.362510,no_silver,no_silver/20260303_155410_362_no_silver_06.jpg,1,640,480,30
1772564050.365033,no_silver,no_silver/20260303_155410_365_no_silver_07.jpg,1,640,480,30
1772564050.366877,no_silver,no_silver/20260303_155410_366_no_silver_08.jpg,1,640,480,30
1772564050.368732,no_silver,no_silver/20260303_155410_368_no_silver_09.jpg,1,640,480,30
1772564050.371579,no_silver,no_silver/20260303_155410_371_no_silver_10.jpg,1,640,480,30
1772564050.373263,no_silver,no_silver/20260303_155410_373_no_silver_11.jpg,1,640,480,30
1772564050.375715,no_silver,no_silver/20260303_155410_375_no_silver_12.jpg,1,640,480,30
1772564050.378943,no_silver,no_silver/20260303_155410_378_no_silver_13.jpg,1,640,480,30
1772564050.381392,no_silver,no_silver/20260303_155410_381_no_silver_14.jpg,1,640,480,30
1772564050.383279,no_silver,no_silver/20260303_155410_383_no_silver_15.jpg,1,640,480,30
1772564050.388333,no_silver,no_silver/20260303_155410_388_no_silver_16.jpg,1,640,480,30
1772564050.391855,no_silver,no_silver/20260303_155410_391_no_silver_17.jpg,1,640,480,30
1772564050.394014,no_silver,no_silver/20260303_155410_394_no_silver_18.jpg,1,640,480,30
1772564050.395697,no_silver,no_silver/20260303_155410_395_no_silver_19.jpg,1,640,480,30
1772564050.397341,no_silver,no_silver/20260303_155410_397_no_silver_20.jpg,1,640,480,30
1772564050.399444,no_silver,no_silver/20260303_155410_399_no_silver_21.jpg,1,640,480,30
1772564050.401002,no_silver,no_silver/20260303_155410_401_no_silver_22.jpg,1,640,480,30
1772564050.402800,no_silver,no_silver/20260303_155410_402_no_silver_23.jpg,1,640,480,30
1772564050.404324,no_silver,no_silver/20260303_155410_404_no_silver_24.jpg,1,640,480,30
1772564050.406852,no_silver,no_silver/20260303_155410_406_no_silver_25.jpg,1,640,480,30
1772564050.408856,no_silver,no_silver/20260303_155410_408_no_silver_26.jpg,1,640,480,30
1772564050.411256,no_silver,no_silver/20260303_155410_411_no_silver_27.jpg,1,640,480,30
1772564050.412856,no_silver,no_silver/20260303_155410_412_no_silver_28.jpg,1,640,480,30
1772564050.415810,no_silver,no_silver/20260303_155410_415_no_silver_29.jpg,1,640,480,30
1772564050.418327,no_silver,no_silver/20260303_155410_418_no_silver_30.jpg,1,640,480,30
1772564051.156646,no_silver,no_silver/20260303_155411_156_no_silver_00.jpg,1,640,480,30
1772564051.159020,no_silver,no_silver/20260303_155411_159_no_silver_01.jpg,1,640,480,30
1772564051.181350,no_silver,no_silver/20260303_155411_181_no_silver_02.jpg,1,640,480,30
1772564051.183557,no_silver,no_silver/20260303_155411_183_no_silver_03.jpg,1,640,480,30
1772564051.185761,no_silver,no_silver/20260303_155411_185_no_silver_04.jpg,1,640,480,30
1772564051.187640,no_silver,no_silver/20260303_155411_187_no_silver_05.jpg,1,640,480,30
1772564051.192490,no_silver,no_silver/20260303_155411_192_no_silver_06.jpg,1,640,480,30
1772564051.194390,no_silver,no_silver/20260303_155411_194_no_silver_07.jpg,1,640,480,30
1772564051.196140,no_silver,no_silver/20260303_155411_196_no_silver_08.jpg,1,640,480,30
1772564051.197980,no_silver,no_silver/20260303_155411_197_no_silver_09.jpg,1,640,480,30
1772564051.201113,no_silver,no_silver/20260303_155411_201_no_silver_10.jpg,1,640,480,30
1772564051.203175,no_silver,no_silver/20260303_155411_203_no_silver_11.jpg,1,640,480,30
1772564051.207444,no_silver,no_silver/20260303_155411_207_no_silver_12.jpg,1,640,480,30
1772564051.209228,no_silver,no_silver/20260303_155411_209_no_silver_13.jpg,1,640,480,30
1772564051.214266,no_silver,no_silver/20260303_155411_214_no_silver_14.jpg,1,640,480,30
1772564051.216478,no_silver,no_silver/20260303_155411_216_no_silver_15.jpg,1,640,480,30
1772564051.218559,no_silver,no_silver/20260303_155411_218_no_silver_16.jpg,1,640,480,30
1772564051.223922,no_silver,no_silver/20260303_155411_223_no_silver_17.jpg,1,640,480,30
1772564051.235548,no_silver,no_silver/20260303_155411_235_no_silver_18.jpg,1,640,480,30
1772564051.239549,no_silver,no_silver/20260303_155411_239_no_silver_19.jpg,1,640,480,30
1772564051.241912,no_silver,no_silver/20260303_155411_241_no_silver_20.jpg,1,640,480,30
1772564051.244239,no_silver,no_silver/20260303_155411_244_no_silver_21.jpg,1,640,480,30
1772564051.246870,no_silver,no_silver/20260303_155411_246_no_silver_22.jpg,1,640,480,30
1772564051.248755,no_silver,no_silver/20260303_155411_248_no_silver_23.jpg,1,640,480,30
1772564051.250723,no_silver,no_silver/20260303_155411_250_no_silver_24.jpg,1,640,480,30
1772564051.252422,no_silver,no_silver/20260303_155411_252_no_silver_25.jpg,1,640,480,30
1772564051.255693,no_silver,no_silver/20260303_155411_255_no_silver_26.jpg,1,640,480,30
1772564051.258270,no_silver,no_silver/20260303_155411_258_no_silver_27.jpg,1,640,480,30
1772564051.260494,no_silver,no_silver/20260303_155411_260_no_silver_28.jpg,1,640,480,30
1772564051.262965,no_silver,no_silver/20260303_155411_262_no_silver_29.jpg,1,640,480,30
1772564051.265070,no_silver,no_silver/20260303_155411_265_no_silver_30.jpg,1,640,480,30
1772564051.883044,no_silver,no_silver/20260303_155411_883_no_silver_00.jpg,1,640,480,30
1772564051.885213,no_silver,no_silver/20260303_155411_885_no_silver_01.jpg,1,640,480,30
1772564051.886857,no_silver,no_silver/20260303_155411_886_no_silver_02.jpg,1,640,480,30
1772564051.907214,no_silver,no_silver/20260303_155411_907_no_silver_03.jpg,1,640,480,30
1772564051.911490,no_silver,no_silver/20260303_155411_911_no_silver_04.jpg,1,640,480,30
1772564051.914381,no_silver,no_silver/20260303_155411_914_no_silver_05.jpg,1,640,480,30
1772564051.916065,no_silver,no_silver/20260303_155411_916_no_silver_06.jpg,1,640,480,30
1772564051.917855,no_silver,no_silver/20260303_155411_917_no_silver_07.jpg,1,640,480,30
1772564051.919477,no_silver,no_silver/20260303_155411_919_no_silver_08.jpg,1,640,480,30
1772564051.921383,no_silver,no_silver/20260303_155411_921_no_silver_09.jpg,1,640,480,30
1772564051.922893,no_silver,no_silver/20260303_155411_922_no_silver_10.jpg,1,640,480,30
1772564051.924490,no_silver,no_silver/20260303_155411_924_no_silver_11.jpg,1,640,480,30
1772564051.926003,no_silver,no_silver/20260303_155411_926_no_silver_12.jpg,1,640,480,30
1772564051.928379,no_silver,no_silver/20260303_155411_928_no_silver_13.jpg,1,640,480,30
1772564051.930213,no_silver,no_silver/20260303_155411_930_no_silver_14.jpg,1,640,480,30
1772564051.932611,no_silver,no_silver/20260303_155411_932_no_silver_15.jpg,1,640,480,30
1772564051.934272,no_silver,no_silver/20260303_155411_934_no_silver_16.jpg,1,640,480,30
1772564051.936323,no_silver,no_silver/20260303_155411_936_no_silver_17.jpg,1,640,480,30
1772564051.938369,no_silver,no_silver/20260303_155411_938_no_silver_18.jpg,1,640,480,30
1772564051.939918,no_silver,no_silver/20260303_155411_939_no_silver_19.jpg,1,640,480,30
1772564051.942774,no_silver,no_silver/20260303_155411_942_no_silver_20.jpg,1,640,480,30
1772564051.945028,no_silver,no_silver/20260303_155411_945_no_silver_21.jpg,1,640,480,30
1772564051.946538,no_silver,no_silver/20260303_155411_946_no_silver_22.jpg,1,640,480,30
1772564051.948600,no_silver,no_silver/20260303_155411_948_no_silver_23.jpg,1,640,480,30
1772564051.950177,no_silver,no_silver/20260303_155411_950_no_silver_24.jpg,1,640,480,30
1772564051.952242,no_silver,no_silver/20260303_155411_952_no_silver_25.jpg,1,640,480,30
1772564051.953936,no_silver,no_silver/20260303_155411_953_no_silver_26.jpg,1,640,480,30
1772564051.956020,no_silver,no_silver/20260303_155411_956_no_silver_27.jpg,1,640,480,30
1772564051.957766,no_silver,no_silver/20260303_155411_957_no_silver_28.jpg,1,640,480,30
1772564051.961195,no_silver,no_silver/20260303_155411_961_no_silver_29.jpg,1,640,480,30
1772564051.963336,no_silver,no_silver/20260303_155411_963_no_silver_30.jpg,1,640,480,30
1772564052.791005,no_silver,no_silver/20260303_155412_791_no_silver_00.jpg,1,640,480,30
1772564052.793434,no_silver,no_silver/20260303_155412_793_no_silver_01.jpg,1,640,480,30
1772564052.813047,no_silver,no_silver/20260303_155412_813_no_silver_02.jpg,1,640,480,30
1772564052.815230,no_silver,no_silver/20260303_155412_815_no_silver_03.jpg,1,640,480,30
1772564052.817146,no_silver,no_silver/20260303_155412_817_no_silver_04.jpg,1,640,480,30
1772564052.819062,no_silver,no_silver/20260303_155412_819_no_silver_05.jpg,1,640,480,30
1772564052.821231,no_silver,no_silver/20260303_155412_821_no_silver_06.jpg,1,640,480,30
1772564052.822900,no_silver,no_silver/20260303_155412_822_no_silver_07.jpg,1,640,480,30
1772564052.824468,no_silver,no_silver/20260303_155412_824_no_silver_08.jpg,1,640,480,30
1772564052.825933,no_silver,no_silver/20260303_155412_825_no_silver_09.jpg,1,640,480,30
1772564052.827935,no_silver,no_silver/20260303_155412_827_no_silver_10.jpg,1,640,480,30
1772564052.829594,no_silver,no_silver/20260303_155412_829_no_silver_11.jpg,1,640,480,30
1772564052.857354,no_silver,no_silver/20260303_155412_857_no_silver_12.jpg,1,640,480,30
1772564052.859230,no_silver,no_silver/20260303_155412_859_no_silver_13.jpg,1,640,480,30
1772564052.861619,no_silver,no_silver/20260303_155412_861_no_silver_14.jpg,1,640,480,30
1772564052.863174,no_silver,no_silver/20260303_155412_863_no_silver_15.jpg,1,640,480,30
1772564052.864752,no_silver,no_silver/20260303_155412_864_no_silver_16.jpg,1,640,480,30
1772564052.866686,no_silver,no_silver/20260303_155412_866_no_silver_17.jpg,1,640,480,30
1772564052.869302,no_silver,no_silver/20260303_155412_869_no_silver_18.jpg,1,640,480,30
1772564052.871236,no_silver,no_silver/20260303_155412_871_no_silver_19.jpg,1,640,480,30
1772564052.872932,no_silver,no_silver/20260303_155412_872_no_silver_20.jpg,1,640,480,30
1772564052.874798,no_silver,no_silver/20260303_155412_874_no_silver_21.jpg,1,640,480,30
1772564052.877043,no_silver,no_silver/20260303_155412_877_no_silver_22.jpg,1,640,480,30
1772564052.878583,no_silver,no_silver/20260303_155412_878_no_silver_23.jpg,1,640,480,30
1772564052.880127,no_silver,no_silver/20260303_155412_880_no_silver_24.jpg,1,640,480,30
1772564052.881967,no_silver,no_silver/20260303_155412_881_no_silver_25.jpg,1,640,480,30
1772564052.884157,no_silver,no_silver/20260303_155412_884_no_silver_26.jpg,1,640,480,30
1772564052.885984,no_silver,no_silver/20260303_155412_885_no_silver_27.jpg,1,640,480,30
1772564052.887690,no_silver,no_silver/20260303_155412_887_no_silver_28.jpg,1,640,480,30
1772564052.889409,no_silver,no_silver/20260303_155412_889_no_silver_29.jpg,1,640,480,30
1772564052.892072,no_silver,no_silver/20260303_155412_892_no_silver_30.jpg,1,640,480,30
1772564053.708786,no_silver,no_silver/20260303_155413_708_no_silver_00.jpg,1,640,480,30
1772564053.711888,no_silver,no_silver/20260303_155413_711_no_silver_01.jpg,1,640,480,30
1772564053.714413,no_silver,no_silver/20260303_155413_714_no_silver_02.jpg,1,640,480,30
1772564053.734081,no_silver,no_silver/20260303_155413_734_no_silver_03.jpg,1,640,480,30
1772564053.735905,no_silver,no_silver/20260303_155413_735_no_silver_04.jpg,1,640,480,30
1772564053.737686,no_silver,no_silver/20260303_155413_737_no_silver_05.jpg,1,640,480,30
1772564053.739781,no_silver,no_silver/20260303_155413_739_no_silver_06.jpg,1,640,480,30
1772564053.741921,no_silver,no_silver/20260303_155413_741_no_silver_07.jpg,1,640,480,30
1772564053.744653,no_silver,no_silver/20260303_155413_744_no_silver_08.jpg,1,640,480,30
1772564053.746576,no_silver,no_silver/20260303_155413_746_no_silver_09.jpg,1,640,480,30
1772564053.748340,no_silver,no_silver/20260303_155413_748_no_silver_10.jpg,1,640,480,30
1772564053.750485,no_silver,no_silver/20260303_155413_750_no_silver_11.jpg,1,640,480,30
1772564053.752519,no_silver,no_silver/20260303_155413_752_no_silver_12.jpg,1,640,480,30
1772564053.754587,no_silver,no_silver/20260303_155413_754_no_silver_13.jpg,1,640,480,30
1772564053.756767,no_silver,no_silver/20260303_155413_756_no_silver_14.jpg,1,640,480,30
1772564053.758514,no_silver,no_silver/20260303_155413_758_no_silver_15.jpg,1,640,480,30
1772564053.761014,no_silver,no_silver/20260303_155413_761_no_silver_16.jpg,1,640,480,30
1772564053.762865,no_silver,no_silver/20260303_155413_762_no_silver_17.jpg,1,640,480,30
1772564053.765040,no_silver,no_silver/20260303_155413_765_no_silver_18.jpg,1,640,480,30
1772564053.766983,no_silver,no_silver/20260303_155413_766_no_silver_19.jpg,1,640,480,30
1772564053.768607,no_silver,no_silver/20260303_155413_768_no_silver_20.jpg,1,640,480,30
1772564053.770373,no_silver,no_silver/20260303_155413_770_no_silver_21.jpg,1,640,480,30
1772564053.772617,no_silver,no_silver/20260303_155413_772_no_silver_22.jpg,1,640,480,30
1772564053.774660,no_silver,no_silver/20260303_155413_774_no_silver_23.jpg,1,640,480,30
1772564053.776824,no_silver,no_silver/20260303_155413_776_no_silver_24.jpg,1,640,480,30
1772564053.779078,no_silver,no_silver/20260303_155413_779_no_silver_25.jpg,1,640,480,30
1772564053.780908,no_silver,no_silver/20260303_155413_780_no_silver_26.jpg,1,640,480,30
1772564053.784195,no_silver,no_silver/20260303_155413_784_no_silver_27.jpg,1,640,480,30
1772564053.787183,no_silver,no_silver/20260303_155413_787_no_silver_28.jpg,1,640,480,30
1772564053.789160,no_silver,no_silver/20260303_155413_789_no_silver_29.jpg,1,640,480,30
1772564053.791452,no_silver,no_silver/20260303_155413_791_no_silver_30.jpg,1,640,480,30
1772564054.399831,no_silver,no_silver/20260303_155414_399_no_silver_00.jpg,1,640,480,30
1772564054.419261,no_silver,no_silver/20260303_155414_419_no_silver_01.jpg,1,640,480,30
1772564054.421200,no_silver,no_silver/20260303_155414_421_no_silver_02.jpg,1,640,480,30
1772564054.423256,no_silver,no_silver/20260303_155414_423_no_silver_03.jpg,1,640,480,30
1772564054.430024,no_silver,no_silver/20260303_155414_430_no_silver_04.jpg,1,640,480,30
1772564054.432400,no_silver,no_silver/20260303_155414_432_no_silver_05.jpg,1,640,480,30
1772564054.434646,no_silver,no_silver/20260303_155414_434_no_silver_06.jpg,1,640,480,30
1772564054.437543,no_silver,no_silver/20260303_155414_437_no_silver_07.jpg,1,640,480,30
1772564054.439354,no_silver,no_silver/20260303_155414_439_no_silver_08.jpg,1,640,480,30
1772564054.441062,no_silver,no_silver/20260303_155414_441_no_silver_09.jpg,1,640,480,30
1772564054.443126,no_silver,no_silver/20260303_155414_443_no_silver_10.jpg,1,640,480,30
1772564054.445880,no_silver,no_silver/20260303_155414_445_no_silver_11.jpg,1,640,480,30
1772564054.448223,no_silver,no_silver/20260303_155414_448_no_silver_12.jpg,1,640,480,30
1772564054.450747,no_silver,no_silver/20260303_155414_450_no_silver_13.jpg,1,640,480,30
1772564054.452989,no_silver,no_silver/20260303_155414_452_no_silver_14.jpg,1,640,480,30
1772564054.455207,no_silver,no_silver/20260303_155414_455_no_silver_15.jpg,1,640,480,30
1772564054.457639,no_silver,no_silver/20260303_155414_457_no_silver_16.jpg,1,640,480,30
1772564054.460417,no_silver,no_silver/20260303_155414_460_no_silver_17.jpg,1,640,480,30
1772564054.462603,no_silver,no_silver/20260303_155414_462_no_silver_18.jpg,1,640,480,30
1772564054.464912,no_silver,no_silver/20260303_155414_464_no_silver_19.jpg,1,640,480,30
1772564054.467540,no_silver,no_silver/20260303_155414_467_no_silver_20.jpg,1,640,480,30
1772564054.469835,no_silver,no_silver/20260303_155414_469_no_silver_21.jpg,1,640,480,30
1772564054.471781,no_silver,no_silver/20260303_155414_471_no_silver_22.jpg,1,640,480,30
1772564054.473785,no_silver,no_silver/20260303_155414_473_no_silver_23.jpg,1,640,480,30
1772564054.476022,no_silver,no_silver/20260303_155414_476_no_silver_24.jpg,1,640,480,30
1772564054.477862,no_silver,no_silver/20260303_155414_477_no_silver_25.jpg,1,640,480,30
1772564054.480669,no_silver,no_silver/20260303_155414_480_no_silver_26.jpg,1,640,480,30
1772564054.482556,no_silver,no_silver/20260303_155414_482_no_silver_27.jpg,1,640,480,30
1772564054.484608,no_silver,no_silver/20260303_155414_484_no_silver_28.jpg,1,640,480,30
1772564054.486705,no_silver,no_silver/20260303_155414_486_no_silver_29.jpg,1,640,480,30
1772564054.489261,no_silver,no_silver/20260303_155414_489_no_silver_30.jpg,1,640,480,30
1772564055.027095,no_silver,no_silver/20260303_155415_027_no_silver_00.jpg,1,640,480,30
1772564055.030383,no_silver,no_silver/20260303_155415_030_no_silver_01.jpg,1,640,480,30
1772564055.049501,no_silver,no_silver/20260303_155415_049_no_silver_02.jpg,1,640,480,30
1772564055.051808,no_silver,no_silver/20260303_155415_051_no_silver_03.jpg,1,640,480,30
1772564055.054860,no_silver,no_silver/20260303_155415_054_no_silver_04.jpg,1,640,480,30
1772564055.059188,no_silver,no_silver/20260303_155415_059_no_silver_05.jpg,1,640,480,30
1772564055.062674,no_silver,no_silver/20260303_155415_062_no_silver_06.jpg,1,640,480,30
1772564055.064825,no_silver,no_silver/20260303_155415_064_no_silver_07.jpg,1,640,480,30
1772564055.068199,no_silver,no_silver/20260303_155415_068_no_silver_08.jpg,1,640,480,30
1772564055.070751,no_silver,no_silver/20260303_155415_070_no_silver_09.jpg,1,640,480,30
1772564055.074689,no_silver,no_silver/20260303_155415_074_no_silver_10.jpg,1,640,480,30
1772564055.077214,no_silver,no_silver/20260303_155415_077_no_silver_11.jpg,1,640,480,30
1772564055.079562,no_silver,no_silver/20260303_155415_079_no_silver_12.jpg,1,640,480,30
1772564055.081357,no_silver,no_silver/20260303_155415_081_no_silver_13.jpg,1,640,480,30
1772564055.084291,no_silver,no_silver/20260303_155415_084_no_silver_14.jpg,1,640,480,30
1772564055.086230,no_silver,no_silver/20260303_155415_086_no_silver_15.jpg,1,640,480,30
1772564055.088257,no_silver,no_silver/20260303_155415_088_no_silver_16.jpg,1,640,480,30
1772564055.090552,no_silver,no_silver/20260303_155415_090_no_silver_17.jpg,1,640,480,30
1772564055.092690,no_silver,no_silver/20260303_155415_092_no_silver_18.jpg,1,640,480,30
1772564055.094982,no_silver,no_silver/20260303_155415_094_no_silver_19.jpg,1,640,480,30
1772564055.096725,no_silver,no_silver/20260303_155415_096_no_silver_20.jpg,1,640,480,30
1772564055.098708,no_silver,no_silver/20260303_155415_098_no_silver_21.jpg,1,640,480,30
1772564055.101282,no_silver,no_silver/20260303_155415_101_no_silver_22.jpg,1,640,480,30
1772564055.103700,no_silver,no_silver/20260303_155415_103_no_silver_23.jpg,1,640,480,30
1772564055.106031,no_silver,no_silver/20260303_155415_106_no_silver_24.jpg,1,640,480,30
1772564055.107765,no_silver,no_silver/20260303_155415_107_no_silver_25.jpg,1,640,480,30
1772564055.109433,no_silver,no_silver/20260303_155415_109_no_silver_26.jpg,1,640,480,30
1772564055.111372,no_silver,no_silver/20260303_155415_111_no_silver_27.jpg,1,640,480,30
1772564055.113094,no_silver,no_silver/20260303_155415_113_no_silver_28.jpg,1,640,480,30
1772564055.115107,no_silver,no_silver/20260303_155415_115_no_silver_29.jpg,1,640,480,30
1772564055.117081,no_silver,no_silver/20260303_155415_117_no_silver_30.jpg,1,640,480,30
1772564055.721819,no_silver,no_silver/20260303_155415_721_no_silver_00.jpg,1,640,480,30
1772564055.741724,no_silver,no_silver/20260303_155415_741_no_silver_01.jpg,1,640,480,30
1772564055.744881,no_silver,no_silver/20260303_155415_744_no_silver_02.jpg,1,640,480,30
1772564055.747937,no_silver,no_silver/20260303_155415_747_no_silver_03.jpg,1,640,480,30
1772564055.749919,no_silver,no_silver/20260303_155415_749_no_silver_04.jpg,1,640,480,30
1772564055.753147,no_silver,no_silver/20260303_155415_753_no_silver_05.jpg,1,640,480,30
1772564055.755436,no_silver,no_silver/20260303_155415_755_no_silver_06.jpg,1,640,480,30
1772564055.757555,no_silver,no_silver/20260303_155415_757_no_silver_07.jpg,1,640,480,30
1772564055.760239,no_silver,no_silver/20260303_155415_760_no_silver_08.jpg,1,640,480,30
1772564055.762127,no_silver,no_silver/20260303_155415_762_no_silver_09.jpg,1,640,480,30
1772564055.764591,no_silver,no_silver/20260303_155415_764_no_silver_10.jpg,1,640,480,30
1772564055.766567,no_silver,no_silver/20260303_155415_766_no_silver_11.jpg,1,640,480,30
1772564055.768467,no_silver,no_silver/20260303_155415_768_no_silver_12.jpg,1,640,480,30
1772564055.770554,no_silver,no_silver/20260303_155415_770_no_silver_13.jpg,1,640,480,30
1772564055.772671,no_silver,no_silver/20260303_155415_772_no_silver_14.jpg,1,640,480,30
1772564055.774383,no_silver,no_silver/20260303_155415_774_no_silver_15.jpg,1,640,480,30
1772564055.777079,no_silver,no_silver/20260303_155415_777_no_silver_16.jpg,1,640,480,30
1772564055.778996,no_silver,no_silver/20260303_155415_778_no_silver_17.jpg,1,640,480,30
1772564055.781701,no_silver,no_silver/20260303_155415_781_no_silver_18.jpg,1,640,480,30
1772564055.784229,no_silver,no_silver/20260303_155415_784_no_silver_19.jpg,1,640,480,30
1772564055.786627,no_silver,no_silver/20260303_155415_786_no_silver_20.jpg,1,640,480,30
1772564055.788543,no_silver,no_silver/20260303_155415_788_no_silver_21.jpg,1,640,480,30
1772564055.790691,no_silver,no_silver/20260303_155415_790_no_silver_22.jpg,1,640,480,30
1772564055.793469,no_silver,no_silver/20260303_155415_793_no_silver_23.jpg,1,640,480,30
1772564055.795561,no_silver,no_silver/20260303_155415_795_no_silver_24.jpg,1,640,480,30
1772564055.797942,no_silver,no_silver/20260303_155415_797_no_silver_25.jpg,1,640,480,30
1772564055.800315,no_silver,no_silver/20260303_155415_800_no_silver_26.jpg,1,640,480,30
1772564055.802231,no_silver,no_silver/20260303_155415_802_no_silver_27.jpg,1,640,480,30
1772564055.804061,no_silver,no_silver/20260303_155415_804_no_silver_28.jpg,1,640,480,30
1772564055.805834,no_silver,no_silver/20260303_155415_805_no_silver_29.jpg,1,640,480,30
1772564055.808412,no_silver,no_silver/20260303_155415_808_no_silver_30.jpg,1,640,480,30
1772564056.421604,no_silver,no_silver/20260303_155416_421_no_silver_00.jpg,1,640,480,30
1772564056.424965,no_silver,no_silver/20260303_155416_424_no_silver_01.jpg,1,640,480,30
1772564056.428602,no_silver,no_silver/20260303_155416_428_no_silver_02.jpg,1,640,480,30
1772564056.431061,no_silver,no_silver/20260303_155416_431_no_silver_03.jpg,1,640,480,30
1772564056.433856,no_silver,no_silver/20260303_155416_433_no_silver_04.jpg,1,640,480,30
1772564056.436711,no_silver,no_silver/20260303_155416_436_no_silver_05.jpg,1,640,480,30
1772564056.439692,no_silver,no_silver/20260303_155416_439_no_silver_06.jpg,1,640,480,30
1772564056.441791,no_silver,no_silver/20260303_155416_441_no_silver_07.jpg,1,640,480,30
1772564056.445168,no_silver,no_silver/20260303_155416_445_no_silver_08.jpg,1,640,480,30
1772564056.447928,no_silver,no_silver/20260303_155416_447_no_silver_09.jpg,1,640,480,30
1772564056.450626,no_silver,no_silver/20260303_155416_450_no_silver_10.jpg,1,640,480,30
1772564056.453916,no_silver,no_silver/20260303_155416_453_no_silver_11.jpg,1,640,480,30
1772564056.456988,no_silver,no_silver/20260303_155416_456_no_silver_12.jpg,1,640,480,30
1772564056.458856,no_silver,no_silver/20260303_155416_458_no_silver_13.jpg,1,640,480,30
1772564056.462088,no_silver,no_silver/20260303_155416_462_no_silver_14.jpg,1,640,480,30
1772564056.471234,no_silver,no_silver/20260303_155416_471_no_silver_15.jpg,1,640,480,30
1772564056.473790,no_silver,no_silver/20260303_155416_473_no_silver_16.jpg,1,640,480,30
1772564056.475754,no_silver,no_silver/20260303_155416_475_no_silver_17.jpg,1,640,480,30
1772564056.479769,no_silver,no_silver/20260303_155416_479_no_silver_18.jpg,1,640,480,30
1772564056.481912,no_silver,no_silver/20260303_155416_481_no_silver_19.jpg,1,640,480,30
1772564056.484462,no_silver,no_silver/20260303_155416_484_no_silver_20.jpg,1,640,480,30
1772564056.486587,no_silver,no_silver/20260303_155416_486_no_silver_21.jpg,1,640,480,30
1772564056.489145,no_silver,no_silver/20260303_155416_489_no_silver_22.jpg,1,640,480,30
1772564056.491093,no_silver,no_silver/20260303_155416_491_no_silver_23.jpg,1,640,480,30
1772564056.492994,no_silver,no_silver/20260303_155416_492_no_silver_24.jpg,1,640,480,30
1772564056.495589,no_silver,no_silver/20260303_155416_495_no_silver_25.jpg,1,640,480,30
1772564056.497439,no_silver,no_silver/20260303_155416_497_no_silver_26.jpg,1,640,480,30
1772564056.499926,no_silver,no_silver/20260303_155416_499_no_silver_27.jpg,1,640,480,30
1772564056.501933,no_silver,no_silver/20260303_155416_501_no_silver_28.jpg,1,640,480,30
1772564056.503569,no_silver,no_silver/20260303_155416_503_no_silver_29.jpg,1,640,480,30
1772564056.505971,no_silver,no_silver/20260303_155416_505_no_silver_30.jpg,1,640,480,30
1772564057.287683,no_silver,no_silver/20260303_155417_287_no_silver_00.jpg,1,640,480,30
1772564057.300613,no_silver,no_silver/20260303_155417_300_no_silver_01.jpg,1,640,480,30
1772564057.304111,no_silver,no_silver/20260303_155417_304_no_silver_02.jpg,1,640,480,30
1772564057.308530,no_silver,no_silver/20260303_155417_308_no_silver_03.jpg,1,640,480,30
1772564057.315913,no_silver,no_silver/20260303_155417_315_no_silver_04.jpg,1,640,480,30
1772564057.321728,no_silver,no_silver/20260303_155417_321_no_silver_05.jpg,1,640,480,30
1772564057.326640,no_silver,no_silver/20260303_155417_326_no_silver_06.jpg,1,640,480,30
1772564057.331706,no_silver,no_silver/20260303_155417_331_no_silver_07.jpg,1,640,480,30
1772564057.335602,no_silver,no_silver/20260303_155417_335_no_silver_08.jpg,1,640,480,30
1772564057.340727,no_silver,no_silver/20260303_155417_340_no_silver_09.jpg,1,640,480,30
1772564057.345415,no_silver,no_silver/20260303_155417_345_no_silver_10.jpg,1,640,480,30
1772564057.349946,no_silver,no_silver/20260303_155417_349_no_silver_11.jpg,1,640,480,30
1772564057.353823,no_silver,no_silver/20260303_155417_353_no_silver_12.jpg,1,640,480,30
1772564057.357572,no_silver,no_silver/20260303_155417_357_no_silver_13.jpg,1,640,480,30
1772564057.362792,no_silver,no_silver/20260303_155417_362_no_silver_14.jpg,1,640,480,30
1772564057.367351,no_silver,no_silver/20260303_155417_367_no_silver_15.jpg,1,640,480,30
1772564057.371417,no_silver,no_silver/20260303_155417_371_no_silver_16.jpg,1,640,480,30
1772564057.374925,no_silver,no_silver/20260303_155417_374_no_silver_17.jpg,1,640,480,30
1772564057.378931,no_silver,no_silver/20260303_155417_378_no_silver_18.jpg,1,640,480,30
1772564057.382144,no_silver,no_silver/20260303_155417_382_no_silver_19.jpg,1,640,480,30
1772564057.385445,no_silver,no_silver/20260303_155417_385_no_silver_20.jpg,1,640,480,30
1772564057.388614,no_silver,no_silver/20260303_155417_388_no_silver_21.jpg,1,640,480,30
1772564057.393665,no_silver,no_silver/20260303_155417_393_no_silver_22.jpg,1,640,480,30
1772564057.400027,no_silver,no_silver/20260303_155417_400_no_silver_23.jpg,1,640,480,30
1772564057.404727,no_silver,no_silver/20260303_155417_404_no_silver_24.jpg,1,640,480,30
1772564057.409433,no_silver,no_silver/20260303_155417_409_no_silver_25.jpg,1,640,480,30
1772564057.411381,no_silver,no_silver/20260303_155417_411_no_silver_26.jpg,1,640,480,30
1772564057.413626,no_silver,no_silver/20260303_155417_413_no_silver_27.jpg,1,640,480,30
1772564057.415359,no_silver,no_silver/20260303_155417_415_no_silver_28.jpg,1,640,480,30
1772564057.417495,no_silver,no_silver/20260303_155417_417_no_silver_29.jpg,1,640,480,30
1772564057.419327,no_silver,no_silver/20260303_155417_419_no_silver_30.jpg,1,640,480,30
1772564069.051707,no_silver,no_silver/20260303_155429_051_no_silver_00.jpg,1,640,480,30
1772564069.059741,no_silver,no_silver/20260303_155429_059_no_silver_01.jpg,1,640,480,30
1772564069.067464,no_silver,no_silver/20260303_155429_067_no_silver_02.jpg,1,640,480,30
1772564069.076739,no_silver,no_silver/20260303_155429_076_no_silver_03.jpg,1,640,480,30
1772564069.084358,no_silver,no_silver/20260303_155429_084_no_silver_04.jpg,1,640,480,30
1772564069.091666,no_silver,no_silver/20260303_155429_091_no_silver_05.jpg,1,640,480,30
1772564069.099904,no_silver,no_silver/20260303_155429_099_no_silver_06.jpg,1,640,480,30
1772564069.107444,no_silver,no_silver/20260303_155429_107_no_silver_07.jpg,1,640,480,30
1772564069.114359,no_silver,no_silver/20260303_155429_114_no_silver_08.jpg,1,640,480,30
1772564069.121697,no_silver,no_silver/20260303_155429_121_no_silver_09.jpg,1,640,480,30
1772564069.130761,no_silver,no_silver/20260303_155429_130_no_silver_10.jpg,1,640,480,30
1772564069.137462,no_silver,no_silver/20260303_155429_137_no_silver_11.jpg,1,640,480,30
1772564069.144518,no_silver,no_silver/20260303_155429_144_no_silver_12.jpg,1,640,480,30
1772564069.152052,no_silver,no_silver/20260303_155429_152_no_silver_13.jpg,1,640,480,30
1772564069.165820,no_silver,no_silver/20260303_155429_165_no_silver_14.jpg,1,640,480,30
1772564069.173460,no_silver,no_silver/20260303_155429_173_no_silver_15.jpg,1,640,480,30
1772564069.180985,no_silver,no_silver/20260303_155429_180_no_silver_16.jpg,1,640,480,30
1772564069.187973,no_silver,no_silver/20260303_155429_187_no_silver_17.jpg,1,640,480,30
1772564069.195966,no_silver,no_silver/20260303_155429_195_no_silver_18.jpg,1,640,480,30
1772564069.205270,no_silver,no_silver/20260303_155429_205_no_silver_19.jpg,1,640,480,30
1772564069.212822,no_silver,no_silver/20260303_155429_212_no_silver_20.jpg,1,640,480,30
1772564069.220445,no_silver,no_silver/20260303_155429_220_no_silver_21.jpg,1,640,480,30
1772564069.227688,no_silver,no_silver/20260303_155429_227_no_silver_22.jpg,1,640,480,30
1772564069.237522,no_silver,no_silver/20260303_155429_237_no_silver_23.jpg,1,640,480,30
1772564069.245257,no_silver,no_silver/20260303_155429_245_no_silver_24.jpg,1,640,480,30
1772564069.252453,no_silver,no_silver/20260303_155429_252_no_silver_25.jpg,1,640,480,30
1772564069.259922,no_silver,no_silver/20260303_155429_259_no_silver_26.jpg,1,640,480,30
1772564069.268797,no_silver,no_silver/20260303_155429_268_no_silver_27.jpg,1,640,480,30
1772564069.276736,no_silver,no_silver/20260303_155429_276_no_silver_28.jpg,1,640,480,30
1772564069.286074,no_silver,no_silver/20260303_155429_286_no_silver_29.jpg,1,640,480,30
1772564069.293684,no_silver,no_silver/20260303_155429_293_no_silver_30.jpg,1,640,480,30
1772564069.709171,no_silver,no_silver/20260303_155429_709_no_silver_00.jpg,1,640,480,30
1772564069.717879,no_silver,no_silver/20260303_155429_717_no_silver_01.jpg,1,640,480,30
1772564069.725730,no_silver,no_silver/20260303_155429_725_no_silver_02.jpg,1,640,480,30
1772564069.733301,no_silver,no_silver/20260303_155429_733_no_silver_03.jpg,1,640,480,30
1772564069.740641,no_silver,no_silver/20260303_155429_740_no_silver_04.jpg,1,640,480,30
1772564069.747361,no_silver,no_silver/20260303_155429_747_no_silver_05.jpg,1,640,480,30
1772564069.753983,no_silver,no_silver/20260303_155429_753_no_silver_06.jpg,1,640,480,30
1772564069.762200,no_silver,no_silver/20260303_155429_762_no_silver_07.jpg,1,640,480,30
1772564069.771259,no_silver,no_silver/20260303_155429_771_no_silver_08.jpg,1,640,480,30
1772564069.779639,no_silver,no_silver/20260303_155429_779_no_silver_09.jpg,1,640,480,30
1772564069.786745,no_silver,no_silver/20260303_155429_786_no_silver_10.jpg,1,640,480,30
1772564069.794687,no_silver,no_silver/20260303_155429_794_no_silver_11.jpg,1,640,480,30
1772564069.801726,no_silver,no_silver/20260303_155429_801_no_silver_12.jpg,1,640,480,30
1772564069.808746,no_silver,no_silver/20260303_155429_808_no_silver_13.jpg,1,640,480,30
1772564069.815332,no_silver,no_silver/20260303_155429_815_no_silver_14.jpg,1,640,480,30
1772564069.822742,no_silver,no_silver/20260303_155429_822_no_silver_15.jpg,1,640,480,30
1772564069.830141,no_silver,no_silver/20260303_155429_830_no_silver_16.jpg,1,640,480,30
1772564069.836805,no_silver,no_silver/20260303_155429_836_no_silver_17.jpg,1,640,480,30
1772564069.844658,no_silver,no_silver/20260303_155429_844_no_silver_18.jpg,1,640,480,30
1772564069.853307,no_silver,no_silver/20260303_155429_853_no_silver_19.jpg,1,640,480,30
1772564069.861048,no_silver,no_silver/20260303_155429_861_no_silver_20.jpg,1,640,480,30
1772564069.868076,no_silver,no_silver/20260303_155429_868_no_silver_21.jpg,1,640,480,30
1772564069.875661,no_silver,no_silver/20260303_155429_875_no_silver_22.jpg,1,640,480,30
1772564069.882435,no_silver,no_silver/20260303_155429_882_no_silver_23.jpg,1,640,480,30
1772564069.891124,no_silver,no_silver/20260303_155429_891_no_silver_24.jpg,1,640,480,30
1772564069.897672,no_silver,no_silver/20260303_155429_897_no_silver_25.jpg,1,640,480,30
1772564069.904820,no_silver,no_silver/20260303_155429_904_no_silver_26.jpg,1,640,480,30
1772564069.911886,no_silver,no_silver/20260303_155429_911_no_silver_27.jpg,1,640,480,30
1772564069.918760,no_silver,no_silver/20260303_155429_918_no_silver_28.jpg,1,640,480,30
1772564069.927183,no_silver,no_silver/20260303_155429_927_no_silver_29.jpg,1,640,480,30
1772564069.935363,no_silver,no_silver/20260303_155429_935_no_silver_30.jpg,1,640,480,30
1772564070.651606,no_silver,no_silver/20260303_155430_651_no_silver_00.jpg,1,640,480,30
1772564070.659301,no_silver,no_silver/20260303_155430_659_no_silver_01.jpg,1,640,480,30
1772564070.666779,no_silver,no_silver/20260303_155430_666_no_silver_02.jpg,1,640,480,30
1772564070.674218,no_silver,no_silver/20260303_155430_674_no_silver_03.jpg,1,640,480,30
1772564070.682699,no_silver,no_silver/20260303_155430_682_no_silver_04.jpg,1,640,480,30
1772564070.689484,no_silver,no_silver/20260303_155430_689_no_silver_05.jpg,1,640,480,30
1772564070.697351,no_silver,no_silver/20260303_155430_697_no_silver_06.jpg,1,640,480,30
1772564070.705093,no_silver,no_silver/20260303_155430_705_no_silver_07.jpg,1,640,480,30
1772564070.711740,no_silver,no_silver/20260303_155430_711_no_silver_08.jpg,1,640,480,30
1772564070.718380,no_silver,no_silver/20260303_155430_718_no_silver_09.jpg,1,640,480,30
1772564070.725503,no_silver,no_silver/20260303_155430_725_no_silver_10.jpg,1,640,480,30
1772564070.732813,no_silver,no_silver/20260303_155430_732_no_silver_11.jpg,1,640,480,30
1772564070.739794,no_silver,no_silver/20260303_155430_739_no_silver_12.jpg,1,640,480,30
1772564070.746677,no_silver,no_silver/20260303_155430_746_no_silver_13.jpg,1,640,480,30
1772564070.753915,no_silver,no_silver/20260303_155430_753_no_silver_14.jpg,1,640,480,30
1772564070.761474,no_silver,no_silver/20260303_155430_761_no_silver_15.jpg,1,640,480,30
1772564070.768982,no_silver,no_silver/20260303_155430_768_no_silver_16.jpg,1,640,480,30
1772564070.776160,no_silver,no_silver/20260303_155430_776_no_silver_17.jpg,1,640,480,30
1772564070.785173,no_silver,no_silver/20260303_155430_785_no_silver_18.jpg,1,640,480,30
1772564070.792799,no_silver,no_silver/20260303_155430_792_no_silver_19.jpg,1,640,480,30
1772564070.800271,no_silver,no_silver/20260303_155430_800_no_silver_20.jpg,1,640,480,30
1772564070.806863,no_silver,no_silver/20260303_155430_806_no_silver_21.jpg,1,640,480,30
1772564070.813794,no_silver,no_silver/20260303_155430_813_no_silver_22.jpg,1,640,480,30
1772564070.821938,no_silver,no_silver/20260303_155430_821_no_silver_23.jpg,1,640,480,30
1772564070.829165,no_silver,no_silver/20260303_155430_829_no_silver_24.jpg,1,640,480,30
1772564070.835830,no_silver,no_silver/20260303_155430_835_no_silver_25.jpg,1,640,480,30
1772564070.847245,no_silver,no_silver/20260303_155430_847_no_silver_26.jpg,1,640,480,30
1772564070.854271,no_silver,no_silver/20260303_155430_854_no_silver_27.jpg,1,640,480,30
1772564070.862189,no_silver,no_silver/20260303_155430_862_no_silver_28.jpg,1,640,480,30
1772564070.869298,no_silver,no_silver/20260303_155430_869_no_silver_29.jpg,1,640,480,30
1772564070.877935,no_silver,no_silver/20260303_155430_877_no_silver_30.jpg,1,640,480,30
1772564071.739401,no_silver,no_silver/20260303_155431_739_no_silver_00.jpg,1,640,480,30
1772564071.746672,no_silver,no_silver/20260303_155431_746_no_silver_01.jpg,1,640,480,30
1772564071.753459,no_silver,no_silver/20260303_155431_753_no_silver_02.jpg,1,640,480,30
1772564071.761688,no_silver,no_silver/20260303_155431_761_no_silver_03.jpg,1,640,480,30
1772564071.768357,no_silver,no_silver/20260303_155431_768_no_silver_04.jpg,1,640,480,30
1772564071.776345,no_silver,no_silver/20260303_155431_776_no_silver_05.jpg,1,640,480,30
1772564071.783208,no_silver,no_silver/20260303_155431_783_no_silver_06.jpg,1,640,480,30
1772564071.790927,no_silver,no_silver/20260303_155431_790_no_silver_07.jpg,1,640,480,30
1772564071.799855,no_silver,no_silver/20260303_155431_799_no_silver_08.jpg,1,640,480,30
1772564071.808942,no_silver,no_silver/20260303_155431_808_no_silver_09.jpg,1,640,480,30
1772564071.816020,no_silver,no_silver/20260303_155431_816_no_silver_10.jpg,1,640,480,30
1772564071.823099,no_silver,no_silver/20260303_155431_823_no_silver_11.jpg,1,640,480,30
1772564071.830998,no_silver,no_silver/20260303_155431_830_no_silver_12.jpg,1,640,480,30
1772564071.837995,no_silver,no_silver/20260303_155431_837_no_silver_13.jpg,1,640,480,30
1772564071.844789,no_silver,no_silver/20260303_155431_844_no_silver_14.jpg,1,640,480,30
1772564071.851632,no_silver,no_silver/20260303_155431_851_no_silver_15.jpg,1,640,480,30
1772564071.860547,no_silver,no_silver/20260303_155431_860_no_silver_16.jpg,1,640,480,30
1772564071.866810,no_silver,no_silver/20260303_155431_866_no_silver_17.jpg,1,640,480,30
1772564071.873665,no_silver,no_silver/20260303_155431_873_no_silver_18.jpg,1,640,480,30
1772564071.878916,no_silver,no_silver/20260303_155431_878_no_silver_19.jpg,1,640,480,30
1772564071.886083,no_silver,no_silver/20260303_155431_886_no_silver_20.jpg,1,640,480,30
1772564071.891679,no_silver,no_silver/20260303_155431_891_no_silver_21.jpg,1,640,480,30
1772564071.896917,no_silver,no_silver/20260303_155431_896_no_silver_22.jpg,1,640,480,30
1772564071.902105,no_silver,no_silver/20260303_155431_902_no_silver_23.jpg,1,640,480,30
1772564071.907696,no_silver,no_silver/20260303_155431_907_no_silver_24.jpg,1,640,480,30
1772564071.913787,no_silver,no_silver/20260303_155431_913_no_silver_25.jpg,1,640,480,30
1772564071.919425,no_silver,no_silver/20260303_155431_919_no_silver_26.jpg,1,640,480,30
1772564071.925557,no_silver,no_silver/20260303_155431_925_no_silver_27.jpg,1,640,480,30
1772564071.931212,no_silver,no_silver/20260303_155431_931_no_silver_28.jpg,1,640,480,30
1772564071.936918,no_silver,no_silver/20260303_155431_936_no_silver_29.jpg,1,640,480,30
1772564071.941663,no_silver,no_silver/20260303_155431_941_no_silver_30.jpg,1,640,480,30
1772564072.807228,no_silver,no_silver/20260303_155432_807_no_silver_00.jpg,1,640,480,30
1772564072.811917,no_silver,no_silver/20260303_155432_811_no_silver_01.jpg,1,640,480,30
1772564072.815028,no_silver,no_silver/20260303_155432_815_no_silver_02.jpg,1,640,480,30
1772564072.818555,no_silver,no_silver/20260303_155432_818_no_silver_03.jpg,1,640,480,30
1772564072.821241,no_silver,no_silver/20260303_155432_821_no_silver_04.jpg,1,640,480,30
1772564072.823873,no_silver,no_silver/20260303_155432_823_no_silver_05.jpg,1,640,480,30
1772564072.827631,no_silver,no_silver/20260303_155432_827_no_silver_06.jpg,1,640,480,30
1772564072.831281,no_silver,no_silver/20260303_155432_831_no_silver_07.jpg,1,640,480,30
1772564072.833993,no_silver,no_silver/20260303_155432_833_no_silver_08.jpg,1,640,480,30
1772564072.836872,no_silver,no_silver/20260303_155432_836_no_silver_09.jpg,1,640,480,30
1772564072.839634,no_silver,no_silver/20260303_155432_839_no_silver_10.jpg,1,640,480,30
1772564072.843747,no_silver,no_silver/20260303_155432_843_no_silver_11.jpg,1,640,480,30
1772564072.846725,no_silver,no_silver/20260303_155432_846_no_silver_12.jpg,1,640,480,30
1772564072.849746,no_silver,no_silver/20260303_155432_849_no_silver_13.jpg,1,640,480,30
1772564072.852489,no_silver,no_silver/20260303_155432_852_no_silver_14.jpg,1,640,480,30
1772564072.855079,no_silver,no_silver/20260303_155432_855_no_silver_15.jpg,1,640,480,30
1772564072.857686,no_silver,no_silver/20260303_155432_857_no_silver_16.jpg,1,640,480,30
1772564072.860556,no_silver,no_silver/20260303_155432_860_no_silver_17.jpg,1,640,480,30
1772564072.863508,no_silver,no_silver/20260303_155432_863_no_silver_18.jpg,1,640,480,30
1772564072.866332,no_silver,no_silver/20260303_155432_866_no_silver_19.jpg,1,640,480,30
1772564072.869425,no_silver,no_silver/20260303_155432_869_no_silver_20.jpg,1,640,480,30
1772564072.872184,no_silver,no_silver/20260303_155432_872_no_silver_21.jpg,1,640,480,30
1772564072.875128,no_silver,no_silver/20260303_155432_875_no_silver_22.jpg,1,640,480,30
1772564072.877792,no_silver,no_silver/20260303_155432_877_no_silver_23.jpg,1,640,480,30
1772564072.881058,no_silver,no_silver/20260303_155432_881_no_silver_24.jpg,1,640,480,30
1772564072.883679,no_silver,no_silver/20260303_155432_883_no_silver_25.jpg,1,640,480,30
1772564072.887649,no_silver,no_silver/20260303_155432_887_no_silver_26.jpg,1,640,480,30
1772564072.890902,no_silver,no_silver/20260303_155432_890_no_silver_27.jpg,1,640,480,30
1772564072.894346,no_silver,no_silver/20260303_155432_894_no_silver_28.jpg,1,640,480,30
1772564072.897815,no_silver,no_silver/20260303_155432_897_no_silver_29.jpg,1,640,480,30
1772564072.900974,no_silver,no_silver/20260303_155432_900_no_silver_30.jpg,1,640,480,30
1772564073.797468,no_silver,no_silver/20260303_155433_797_no_silver_00.jpg,1,640,480,30
1772564073.800075,no_silver,no_silver/20260303_155433_800_no_silver_01.jpg,1,640,480,30
1772564073.819507,no_silver,no_silver/20260303_155433_819_no_silver_02.jpg,1,640,480,30
1772564073.821950,no_silver,no_silver/20260303_155433_821_no_silver_03.jpg,1,640,480,30
1772564073.824669,no_silver,no_silver/20260303_155433_824_no_silver_04.jpg,1,640,480,30
1772564073.828084,no_silver,no_silver/20260303_155433_828_no_silver_05.jpg,1,640,480,30
1772564073.830960,no_silver,no_silver/20260303_155433_830_no_silver_06.jpg,1,640,480,30
1772564073.832813,no_silver,no_silver/20260303_155433_832_no_silver_07.jpg,1,640,480,30
1772564073.834746,no_silver,no_silver/20260303_155433_834_no_silver_08.jpg,1,640,480,30
1772564073.836624,no_silver,no_silver/20260303_155433_836_no_silver_09.jpg,1,640,480,30
1772564073.839664,no_silver,no_silver/20260303_155433_839_no_silver_10.jpg,1,640,480,30
1772564073.841784,no_silver,no_silver/20260303_155433_841_no_silver_11.jpg,1,640,480,30
1772564073.844155,no_silver,no_silver/20260303_155433_844_no_silver_12.jpg,1,640,480,30
1772564073.846741,no_silver,no_silver/20260303_155433_846_no_silver_13.jpg,1,640,480,30
1772564073.849340,no_silver,no_silver/20260303_155433_849_no_silver_14.jpg,1,640,480,30
1772564073.851956,no_silver,no_silver/20260303_155433_851_no_silver_15.jpg,1,640,480,30
1772564073.853717,no_silver,no_silver/20260303_155433_853_no_silver_16.jpg,1,640,480,30
1772564073.856499,no_silver,no_silver/20260303_155433_856_no_silver_17.jpg,1,640,480,30
1772564073.859158,no_silver,no_silver/20260303_155433_859_no_silver_18.jpg,1,640,480,30
1772564073.861215,no_silver,no_silver/20260303_155433_861_no_silver_19.jpg,1,640,480,30
1772564073.863139,no_silver,no_silver/20260303_155433_863_no_silver_20.jpg,1,640,480,30
1772564073.865199,no_silver,no_silver/20260303_155433_865_no_silver_21.jpg,1,640,480,30
1772564073.867750,no_silver,no_silver/20260303_155433_867_no_silver_22.jpg,1,640,480,30
1772564073.870234,no_silver,no_silver/20260303_155433_870_no_silver_23.jpg,1,640,480,30
1772564073.872347,no_silver,no_silver/20260303_155433_872_no_silver_24.jpg,1,640,480,30
1772564073.875023,no_silver,no_silver/20260303_155433_875_no_silver_25.jpg,1,640,480,30
1772564073.877291,no_silver,no_silver/20260303_155433_877_no_silver_26.jpg,1,640,480,30
1772564073.879438,no_silver,no_silver/20260303_155433_879_no_silver_27.jpg,1,640,480,30
1772564073.881244,no_silver,no_silver/20260303_155433_881_no_silver_28.jpg,1,640,480,30
1772564073.883912,no_silver,no_silver/20260303_155433_883_no_silver_29.jpg,1,640,480,30
1772564073.885891,no_silver,no_silver/20260303_155433_885_no_silver_30.jpg,1,640,480,30
1772564074.709224,no_silver,no_silver/20260303_155434_709_no_silver_00.jpg,1,640,480,30
1772564074.712564,no_silver,no_silver/20260303_155434_712_no_silver_01.jpg,1,640,480,30
1772564074.715094,no_silver,no_silver/20260303_155434_715_no_silver_02.jpg,1,640,480,30
1772564074.717153,no_silver,no_silver/20260303_155434_717_no_silver_03.jpg,1,640,480,30
1772564074.719531,no_silver,no_silver/20260303_155434_719_no_silver_04.jpg,1,640,480,30
1772564074.722219,no_silver,no_silver/20260303_155434_722_no_silver_05.jpg,1,640,480,30
1772564074.724333,no_silver,no_silver/20260303_155434_724_no_silver_06.jpg,1,640,480,30
1772564074.727059,no_silver,no_silver/20260303_155434_727_no_silver_07.jpg,1,640,480,30
1772564074.729811,no_silver,no_silver/20260303_155434_729_no_silver_08.jpg,1,640,480,30
1772564074.733043,no_silver,no_silver/20260303_155434_733_no_silver_09.jpg,1,640,480,30
1772564074.735726,no_silver,no_silver/20260303_155434_735_no_silver_10.jpg,1,640,480,30
1772564074.738361,no_silver,no_silver/20260303_155434_738_no_silver_11.jpg,1,640,480,30
1772564074.740948,no_silver,no_silver/20260303_155434_740_no_silver_12.jpg,1,640,480,30
1772564074.744826,no_silver,no_silver/20260303_155434_744_no_silver_13.jpg,1,640,480,30
1772564074.748994,no_silver,no_silver/20260303_155434_748_no_silver_14.jpg,1,640,480,30
1772564074.752861,no_silver,no_silver/20260303_155434_752_no_silver_15.jpg,1,640,480,30
1772564074.757646,no_silver,no_silver/20260303_155434_757_no_silver_16.jpg,1,640,480,30
1772564074.761668,no_silver,no_silver/20260303_155434_761_no_silver_17.jpg,1,640,480,30
1772564074.764920,no_silver,no_silver/20260303_155434_764_no_silver_18.jpg,1,640,480,30
1772564074.768155,no_silver,no_silver/20260303_155434_768_no_silver_19.jpg,1,640,480,30
1772564074.771386,no_silver,no_silver/20260303_155434_771_no_silver_20.jpg,1,640,480,30
1772564074.776075,no_silver,no_silver/20260303_155434_776_no_silver_21.jpg,1,640,480,30
1772564074.780482,no_silver,no_silver/20260303_155434_780_no_silver_22.jpg,1,640,480,30
1772564074.784908,no_silver,no_silver/20260303_155434_784_no_silver_23.jpg,1,640,480,30
1772564074.789710,no_silver,no_silver/20260303_155434_789_no_silver_24.jpg,1,640,480,30
1772564074.795235,no_silver,no_silver/20260303_155434_795_no_silver_25.jpg,1,640,480,30
1772564074.800815,no_silver,no_silver/20260303_155434_800_no_silver_26.jpg,1,640,480,30
1772564074.807480,no_silver,no_silver/20260303_155434_807_no_silver_27.jpg,1,640,480,30
1772564074.812466,no_silver,no_silver/20260303_155434_812_no_silver_28.jpg,1,640,480,30
1772564074.817624,no_silver,no_silver/20260303_155434_817_no_silver_29.jpg,1,640,480,30
1772564074.823112,no_silver,no_silver/20260303_155434_823_no_silver_30.jpg,1,640,480,30
1772564075.645205,no_silver,no_silver/20260303_155435_645_no_silver_00.jpg,1,640,480,30
1772564075.652436,no_silver,no_silver/20260303_155435_652_no_silver_01.jpg,1,640,480,30
1772564075.659289,no_silver,no_silver/20260303_155435_659_no_silver_02.jpg,1,640,480,30
1772564075.667550,no_silver,no_silver/20260303_155435_667_no_silver_03.jpg,1,640,480,30
1772564075.674651,no_silver,no_silver/20260303_155435_674_no_silver_04.jpg,1,640,480,30
1772564075.681963,no_silver,no_silver/20260303_155435_681_no_silver_05.jpg,1,640,480,30
1772564075.688874,no_silver,no_silver/20260303_155435_688_no_silver_06.jpg,1,640,480,30
1772564075.697428,no_silver,no_silver/20260303_155435_697_no_silver_07.jpg,1,640,480,30
1772564075.704275,no_silver,no_silver/20260303_155435_704_no_silver_08.jpg,1,640,480,30
1772564075.715133,no_silver,no_silver/20260303_155435_715_no_silver_09.jpg,1,640,480,30
1772564075.721935,no_silver,no_silver/20260303_155435_721_no_silver_10.jpg,1,640,480,30
1772564075.729904,no_silver,no_silver/20260303_155435_729_no_silver_11.jpg,1,640,480,30
1772564075.736716,no_silver,no_silver/20260303_155435_736_no_silver_12.jpg,1,640,480,30
1772564075.745850,no_silver,no_silver/20260303_155435_745_no_silver_13.jpg,1,640,480,30
1772564075.752743,no_silver,no_silver/20260303_155435_752_no_silver_14.jpg,1,640,480,30
1772564075.760376,no_silver,no_silver/20260303_155435_760_no_silver_15.jpg,1,640,480,30
1772564075.767908,no_silver,no_silver/20260303_155435_767_no_silver_16.jpg,1,640,480,30
1772564075.775380,no_silver,no_silver/20260303_155435_775_no_silver_17.jpg,1,640,480,30
1772564075.782397,no_silver,no_silver/20260303_155435_782_no_silver_18.jpg,1,640,480,30
1772564075.789369,no_silver,no_silver/20260303_155435_789_no_silver_19.jpg,1,640,480,30
1772564075.798665,no_silver,no_silver/20260303_155435_798_no_silver_20.jpg,1,640,480,30
1772564075.806103,no_silver,no_silver/20260303_155435_806_no_silver_21.jpg,1,640,480,30
1772564075.813343,no_silver,no_silver/20260303_155435_813_no_silver_22.jpg,1,640,480,30
1772564075.823195,no_silver,no_silver/20260303_155435_823_no_silver_23.jpg,1,640,480,30
1772564075.830904,no_silver,no_silver/20260303_155435_830_no_silver_24.jpg,1,640,480,30
1772564075.838306,no_silver,no_silver/20260303_155435_838_no_silver_25.jpg,1,640,480,30
1772564075.847110,no_silver,no_silver/20260303_155435_847_no_silver_26.jpg,1,640,480,30
1772564075.854021,no_silver,no_silver/20260303_155435_854_no_silver_27.jpg,1,640,480,30
1772564075.861365,no_silver,no_silver/20260303_155435_861_no_silver_28.jpg,1,640,480,30
1772564075.867840,no_silver,no_silver/20260303_155435_867_no_silver_29.jpg,1,640,480,30
1772564075.876351,no_silver,no_silver/20260303_155435_876_no_silver_30.jpg,1,640,480,30
1772564076.732936,no_silver,no_silver/20260303_155436_732_no_silver_00.jpg,1,640,480,30
1772564076.740866,no_silver,no_silver/20260303_155436_740_no_silver_01.jpg,1,640,480,30
1772564076.748519,no_silver,no_silver/20260303_155436_748_no_silver_02.jpg,1,640,480,30
1772564076.755661,no_silver,no_silver/20260303_155436_755_no_silver_03.jpg,1,640,480,30
1772564076.763384,no_silver,no_silver/20260303_155436_763_no_silver_04.jpg,1,640,480,30
1772564076.771061,no_silver,no_silver/20260303_155436_771_no_silver_05.jpg,1,640,480,30
1772564076.778199,no_silver,no_silver/20260303_155436_778_no_silver_06.jpg,1,640,480,30
1772564076.785541,no_silver,no_silver/20260303_155436_785_no_silver_07.jpg,1,640,480,30
1772564076.792619,no_silver,no_silver/20260303_155436_792_no_silver_08.jpg,1,640,480,30
1772564076.800439,no_silver,no_silver/20260303_155436_800_no_silver_09.jpg,1,640,480,30
1772564076.807105,no_silver,no_silver/20260303_155436_807_no_silver_10.jpg,1,640,480,30
1772564076.813637,no_silver,no_silver/20260303_155436_813_no_silver_11.jpg,1,640,480,30
1772564076.820602,no_silver,no_silver/20260303_155436_820_no_silver_12.jpg,1,640,480,30
1772564076.828189,no_silver,no_silver/20260303_155436_828_no_silver_13.jpg,1,640,480,30
1772564076.835508,no_silver,no_silver/20260303_155436_835_no_silver_14.jpg,1,640,480,30
1772564076.843417,no_silver,no_silver/20260303_155436_843_no_silver_15.jpg,1,640,480,30
1772564076.851977,no_silver,no_silver/20260303_155436_851_no_silver_16.jpg,1,640,480,30
1772564076.858549,no_silver,no_silver/20260303_155436_858_no_silver_17.jpg,1,640,480,30
1772564076.865116,no_silver,no_silver/20260303_155436_865_no_silver_18.jpg,1,640,480,30
1772564076.872756,no_silver,no_silver/20260303_155436_872_no_silver_19.jpg,1,640,480,30
1772564076.880133,no_silver,no_silver/20260303_155436_880_no_silver_20.jpg,1,640,480,30
1772564076.887487,no_silver,no_silver/20260303_155436_887_no_silver_21.jpg,1,640,480,30
1772564076.894876,no_silver,no_silver/20260303_155436_894_no_silver_22.jpg,1,640,480,30
1772564076.901724,no_silver,no_silver/20260303_155436_901_no_silver_23.jpg,1,640,480,30
1772564076.908419,no_silver,no_silver/20260303_155436_908_no_silver_24.jpg,1,640,480,30
1772564076.917201,no_silver,no_silver/20260303_155436_917_no_silver_25.jpg,1,640,480,30
1772564076.924300,no_silver,no_silver/20260303_155436_924_no_silver_26.jpg,1,640,480,30
1772564076.931567,no_silver,no_silver/20260303_155436_931_no_silver_27.jpg,1,640,480,30
1772564076.940350,no_silver,no_silver/20260303_155436_940_no_silver_28.jpg,1,640,480,30
1772564076.947476,no_silver,no_silver/20260303_155436_947_no_silver_29.jpg,1,640,480,30
1772564076.956084,no_silver,no_silver/20260303_155436_956_no_silver_30.jpg,1,640,480,30
1772564096.188766,silver,silver/20260303_155456_188_silver_00.jpg,1,640,480,30
1772564096.199033,silver,silver/20260303_155456_199_silver_01.jpg,1,640,480,30
1772564096.208167,silver,silver/20260303_155456_208_silver_02.jpg,1,640,480,30
1772564096.218076,silver,silver/20260303_155456_218_silver_03.jpg,1,640,480,30
1772564096.227315,silver,silver/20260303_155456_227_silver_04.jpg,1,640,480,30
1772564096.236894,silver,silver/20260303_155456_236_silver_05.jpg,1,640,480,30
1772564096.246399,silver,silver/20260303_155456_246_silver_06.jpg,1,640,480,30
1772564096.257584,silver,silver/20260303_155456_257_silver_07.jpg,1,640,480,30
1772564096.267568,silver,silver/20260303_155456_267_silver_08.jpg,1,640,480,30
1772564096.277003,silver,silver/20260303_155456_277_silver_09.jpg,1,640,480,30
1772564096.287045,silver,silver/20260303_155456_287_silver_10.jpg,1,640,480,30
1772564096.296456,silver,silver/20260303_155456_296_silver_11.jpg,1,640,480,30
1772564096.306798,silver,silver/20260303_155456_306_silver_12.jpg,1,640,480,30
1772564096.317006,silver,silver/20260303_155456_317_silver_13.jpg,1,640,480,30
1772564096.327857,silver,silver/20260303_155456_327_silver_14.jpg,1,640,480,30
1772564096.337941,silver,silver/20260303_155456_337_silver_15.jpg,1,640,480,30
1772564096.347508,silver,silver/20260303_155456_347_silver_16.jpg,1,640,480,30
1772564096.356696,silver,silver/20260303_155456_356_silver_17.jpg,1,640,480,30
1772564096.366835,silver,silver/20260303_155456_366_silver_18.jpg,1,640,480,30
1772564096.376342,silver,silver/20260303_155456_376_silver_19.jpg,1,640,480,30
1772564096.386256,silver,silver/20260303_155456_386_silver_20.jpg,1,640,480,30
1772564096.396072,silver,silver/20260303_155456_396_silver_21.jpg,1,640,480,30
1772564096.407151,silver,silver/20260303_155456_407_silver_22.jpg,1,640,480,30
1772564096.416370,silver,silver/20260303_155456_416_silver_23.jpg,1,640,480,30
1772564096.425678,silver,silver/20260303_155456_425_silver_24.jpg,1,640,480,30
1772564096.435891,silver,silver/20260303_155456_435_silver_25.jpg,1,640,480,30
1772564096.445733,silver,silver/20260303_155456_445_silver_26.jpg,1,640,480,30
1772564096.456186,silver,silver/20260303_155456_456_silver_27.jpg,1,640,480,30
1772564096.467107,silver,silver/20260303_155456_467_silver_28.jpg,1,640,480,30
1772564096.476722,silver,silver/20260303_155456_476_silver_29.jpg,1,640,480,30
1772564096.488225,silver,silver/20260303_155456_488_silver_30.jpg,1,640,480,30
1772564098.603918,silver,silver/20260303_155458_603_silver_00.jpg,1,640,480,30
1772564098.613813,silver,silver/20260303_155458_613_silver_01.jpg,1,640,480,30
1772564098.622422,silver,silver/20260303_155458_622_silver_02.jpg,1,640,480,30
1772564098.632601,silver,silver/20260303_155458_632_silver_03.jpg,1,640,480,30
1772564098.641697,silver,silver/20260303_155458_641_silver_04.jpg,1,640,480,30
1772564098.651397,silver,silver/20260303_155458_651_silver_05.jpg,1,640,480,30
1772564098.661181,silver,silver/20260303_155458_661_silver_06.jpg,1,640,480,30
1772564098.670270,silver,silver/20260303_155458_670_silver_07.jpg,1,640,480,30
1772564098.679336,silver,silver/20260303_155458_679_silver_08.jpg,1,640,480,30
1772564098.691434,silver,silver/20260303_155458_691_silver_09.jpg,1,640,480,30
1772564098.700726,silver,silver/20260303_155458_700_silver_10.jpg,1,640,480,30
1772564098.709252,silver,silver/20260303_155458_709_silver_11.jpg,1,640,480,30
1772564098.718065,silver,silver/20260303_155458_718_silver_12.jpg,1,640,480,30
1772564098.726979,silver,silver/20260303_155458_726_silver_13.jpg,1,640,480,30
1772564098.736112,silver,silver/20260303_155458_736_silver_14.jpg,1,640,480,30
1772564098.745548,silver,silver/20260303_155458_745_silver_15.jpg,1,640,480,30
1772564098.754383,silver,silver/20260303_155458_754_silver_16.jpg,1,640,480,30
1772564098.763955,silver,silver/20260303_155458_763_silver_17.jpg,1,640,480,30
1772564098.773103,silver,silver/20260303_155458_773_silver_18.jpg,1,640,480,30
1772564098.782676,silver,silver/20260303_155458_782_silver_19.jpg,1,640,480,30
1772564098.791954,silver,silver/20260303_155458_791_silver_20.jpg,1,640,480,30
1772564098.801341,silver,silver/20260303_155458_801_silver_21.jpg,1,640,480,30
1772564098.810079,silver,silver/20260303_155458_810_silver_22.jpg,1,640,480,30
1772564098.819254,silver,silver/20260303_155458_819_silver_23.jpg,1,640,480,30
1772564098.831456,silver,silver/20260303_155458_831_silver_24.jpg,1,640,480,30
1772564098.841713,silver,silver/20260303_155458_841_silver_25.jpg,1,640,480,30
1772564098.851124,silver,silver/20260303_155458_851_silver_26.jpg,1,640,480,30
1772564098.860480,silver,silver/20260303_155458_860_silver_27.jpg,1,640,480,30
1772564098.869051,silver,silver/20260303_155458_869_silver_28.jpg,1,640,480,30
1772564098.877499,silver,silver/20260303_155458_877_silver_29.jpg,1,640,480,30
1772564098.887862,silver,silver/20260303_155458_887_silver_30.jpg,1,640,480,30
1772564100.092727,silver,silver/20260303_155500_092_silver_00.jpg,1,640,480,30
1772564100.104352,silver,silver/20260303_155500_104_silver_01.jpg,1,640,480,30
1772564100.114502,silver,silver/20260303_155500_114_silver_02.jpg,1,640,480,30
1772564100.124818,silver,silver/20260303_155500_124_silver_03.jpg,1,640,480,30
1772564100.135429,silver,silver/20260303_155500_135_silver_04.jpg,1,640,480,30
1772564100.144910,silver,silver/20260303_155500_144_silver_05.jpg,1,640,480,30
1772564100.154412,silver,silver/20260303_155500_154_silver_06.jpg,1,640,480,30
1772564100.164144,silver,silver/20260303_155500_164_silver_07.jpg,1,640,480,30
1772564100.173162,silver,silver/20260303_155500_173_silver_08.jpg,1,640,480,30
1772564100.184371,silver,silver/20260303_155500_184_silver_09.jpg,1,640,480,30
1772564100.195213,silver,silver/20260303_155500_195_silver_10.jpg,1,640,480,30
1772564100.204824,silver,silver/20260303_155500_204_silver_11.jpg,1,640,480,30
1772564100.215186,silver,silver/20260303_155500_215_silver_12.jpg,1,640,480,30
1772564100.225273,silver,silver/20260303_155500_225_silver_13.jpg,1,640,480,30
1772564100.234549,silver,silver/20260303_155500_234_silver_14.jpg,1,640,480,30
1772564100.248103,silver,silver/20260303_155500_248_silver_15.jpg,1,640,480,30
1772564100.259163,silver,silver/20260303_155500_259_silver_16.jpg,1,640,480,30
1772564100.270143,silver,silver/20260303_155500_270_silver_17.jpg,1,640,480,30
1772564100.282041,silver,silver/20260303_155500_282_silver_18.jpg,1,640,480,30
1772564100.294737,silver,silver/20260303_155500_294_silver_19.jpg,1,640,480,30
1772564100.309295,silver,silver/20260303_155500_309_silver_20.jpg,1,640,480,30
1772564100.319129,silver,silver/20260303_155500_319_silver_21.jpg,1,640,480,30
1772564100.329084,silver,silver/20260303_155500_329_silver_22.jpg,1,640,480,30
1772564100.341254,silver,silver/20260303_155500_341_silver_23.jpg,1,640,480,30
1772564100.350426,silver,silver/20260303_155500_350_silver_24.jpg,1,640,480,30
1772564100.361459,silver,silver/20260303_155500_361_silver_25.jpg,1,640,480,30
1772564100.372483,silver,silver/20260303_155500_372_silver_26.jpg,1,640,480,30
1772564100.384342,silver,silver/20260303_155500_384_silver_27.jpg,1,640,480,30
1772564100.394206,silver,silver/20260303_155500_394_silver_28.jpg,1,640,480,30
1772564100.403615,silver,silver/20260303_155500_403_silver_29.jpg,1,640,480,30
1772564100.413186,silver,silver/20260303_155500_413_silver_30.jpg,1,640,480,30
1772564101.376959,silver,silver/20260303_155501_376_silver_00.jpg,1,640,480,30
1772564101.381449,silver,silver/20260303_155501_381_silver_01.jpg,1,640,480,30
1772564101.385104,silver,silver/20260303_155501_385_silver_02.jpg,1,640,480,30
1772564101.390136,silver,silver/20260303_155501_390_silver_03.jpg,1,640,480,30
1772564101.395280,silver,silver/20260303_155501_395_silver_04.jpg,1,640,480,30
1772564101.399835,silver,silver/20260303_155501_399_silver_05.jpg,1,640,480,30
1772564101.403960,silver,silver/20260303_155501_403_silver_06.jpg,1,640,480,30
1772564101.408960,silver,silver/20260303_155501_408_silver_07.jpg,1,640,480,30
1772564101.413516,silver,silver/20260303_155501_413_silver_08.jpg,1,640,480,30
1772564101.417647,silver,silver/20260303_155501_417_silver_09.jpg,1,640,480,30
1772564101.421582,silver,silver/20260303_155501_421_silver_10.jpg,1,640,480,30
1772564101.425776,silver,silver/20260303_155501_425_silver_11.jpg,1,640,480,30
1772564101.429961,silver,silver/20260303_155501_429_silver_12.jpg,1,640,480,30
1772564101.435060,silver,silver/20260303_155501_435_silver_13.jpg,1,640,480,30
1772564101.439445,silver,silver/20260303_155501_439_silver_14.jpg,1,640,480,30
1772564101.443490,silver,silver/20260303_155501_443_silver_15.jpg,1,640,480,30
1772564101.447125,silver,silver/20260303_155501_447_silver_16.jpg,1,640,480,30
1772564101.451764,silver,silver/20260303_155501_451_silver_17.jpg,1,640,480,30
1772564101.456895,silver,silver/20260303_155501_456_silver_18.jpg,1,640,480,30
1772564101.461253,silver,silver/20260303_155501_461_silver_19.jpg,1,640,480,30
1772564101.465754,silver,silver/20260303_155501_465_silver_20.jpg,1,640,480,30
1772564101.469593,silver,silver/20260303_155501_469_silver_21.jpg,1,640,480,30
1772564101.473682,silver,silver/20260303_155501_473_silver_22.jpg,1,640,480,30
1772564101.477700,silver,silver/20260303_155501_477_silver_23.jpg,1,640,480,30
1772564101.481345,silver,silver/20260303_155501_481_silver_24.jpg,1,640,480,30
1772564101.486352,silver,silver/20260303_155501_486_silver_25.jpg,1,640,480,30
1772564101.490727,silver,silver/20260303_155501_490_silver_26.jpg,1,640,480,30
1772564101.494268,silver,silver/20260303_155501_494_silver_27.jpg,1,640,480,30
1772564101.498144,silver,silver/20260303_155501_498_silver_28.jpg,1,640,480,30
1772564101.502450,silver,silver/20260303_155501_502_silver_29.jpg,1,640,480,30
1772564101.506501,silver,silver/20260303_155501_506_silver_30.jpg,1,640,480,30
1772564102.562711,silver,silver/20260303_155502_562_silver_00.jpg,1,640,480,30
1772564102.582874,silver,silver/20260303_155502_582_silver_01.jpg,1,640,480,30
1772564102.586861,silver,silver/20260303_155502_586_silver_02.jpg,1,640,480,30
1772564102.590530,silver,silver/20260303_155502_590_silver_03.jpg,1,640,480,30
1772564102.594163,silver,silver/20260303_155502_594_silver_04.jpg,1,640,480,30
1772564102.597332,silver,silver/20260303_155502_597_silver_05.jpg,1,640,480,30
1772564102.600379,silver,silver/20260303_155502_600_silver_06.jpg,1,640,480,30
1772564102.603235,silver,silver/20260303_155502_603_silver_07.jpg,1,640,480,30
1772564102.605892,silver,silver/20260303_155502_605_silver_08.jpg,1,640,480,30
1772564102.609004,silver,silver/20260303_155502_609_silver_09.jpg,1,640,480,30
1772564102.612869,silver,silver/20260303_155502_612_silver_10.jpg,1,640,480,30
1772564102.616417,silver,silver/20260303_155502_616_silver_11.jpg,1,640,480,30
1772564102.619935,silver,silver/20260303_155502_619_silver_12.jpg,1,640,480,30
1772564102.622939,silver,silver/20260303_155502_622_silver_13.jpg,1,640,480,30
1772564102.626369,silver,silver/20260303_155502_626_silver_14.jpg,1,640,480,30
1772564102.629129,silver,silver/20260303_155502_629_silver_15.jpg,1,640,480,30
1772564102.634388,silver,silver/20260303_155502_634_silver_16.jpg,1,640,480,30
1772564102.637774,silver,silver/20260303_155502_637_silver_17.jpg,1,640,480,30
1772564102.641568,silver,silver/20260303_155502_641_silver_18.jpg,1,640,480,30
1772564102.644546,silver,silver/20260303_155502_644_silver_19.jpg,1,640,480,30
1772564102.647558,silver,silver/20260303_155502_647_silver_20.jpg,1,640,480,30
1772564102.651430,silver,silver/20260303_155502_651_silver_21.jpg,1,640,480,30
1772564102.655138,silver,silver/20260303_155502_655_silver_22.jpg,1,640,480,30
1772564102.658281,silver,silver/20260303_155502_658_silver_23.jpg,1,640,480,30
1772564102.661564,silver,silver/20260303_155502_661_silver_24.jpg,1,640,480,30
1772564102.664283,silver,silver/20260303_155502_664_silver_25.jpg,1,640,480,30
1772564102.667095,silver,silver/20260303_155502_667_silver_26.jpg,1,640,480,30
1772564102.670506,silver,silver/20260303_155502_670_silver_27.jpg,1,640,480,30
1772564102.674062,silver,silver/20260303_155502_674_silver_28.jpg,1,640,480,30
1772564102.676703,silver,silver/20260303_155502_676_silver_29.jpg,1,640,480,30
1772564102.679584,silver,silver/20260303_155502_679_silver_30.jpg,1,640,480,30
1772564105.036527,silver,silver/20260303_155505_036_silver_00.jpg,1,640,480,30
1772564105.048616,silver,silver/20260303_155505_048_silver_01.jpg,1,640,480,30
1772564105.058676,silver,silver/20260303_155505_058_silver_02.jpg,1,640,480,30
1772564105.068904,silver,silver/20260303_155505_068_silver_03.jpg,1,640,480,30
1772564105.077884,silver,silver/20260303_155505_077_silver_04.jpg,1,640,480,30
1772564105.087480,silver,silver/20260303_155505_087_silver_05.jpg,1,640,480,30
1772564105.098223,silver,silver/20260303_155505_098_silver_06.jpg,1,640,480,30
1772564105.107715,silver,silver/20260303_155505_107_silver_07.jpg,1,640,480,30
1772564105.116818,silver,silver/20260303_155505_116_silver_08.jpg,1,640,480,30
1772564105.126902,silver,silver/20260303_155505_126_silver_09.jpg,1,640,480,30
1772564105.137938,silver,silver/20260303_155505_137_silver_10.jpg,1,640,480,30
1772564105.146969,silver,silver/20260303_155505_146_silver_11.jpg,1,640,480,30
1772564105.156311,silver,silver/20260303_155505_156_silver_12.jpg,1,640,480,30
1772564105.167958,silver,silver/20260303_155505_167_silver_13.jpg,1,640,480,30
1772564105.176532,silver,silver/20260303_155505_176_silver_14.jpg,1,640,480,30
1772564105.187382,silver,silver/20260303_155505_187_silver_15.jpg,1,640,480,30
1772564105.197248,silver,silver/20260303_155505_197_silver_16.jpg,1,640,480,30
1772564105.206333,silver,silver/20260303_155505_206_silver_17.jpg,1,640,480,30
1772564105.215887,silver,silver/20260303_155505_215_silver_18.jpg,1,640,480,30
1772564105.226273,silver,silver/20260303_155505_226_silver_19.jpg,1,640,480,30
1772564105.235636,silver,silver/20260303_155505_235_silver_20.jpg,1,640,480,30
1772564105.245009,silver,silver/20260303_155505_245_silver_21.jpg,1,640,480,30
1772564105.254655,silver,silver/20260303_155505_254_silver_22.jpg,1,640,480,30
1772564105.264787,silver,silver/20260303_155505_264_silver_23.jpg,1,640,480,30
1772564105.273746,silver,silver/20260303_155505_273_silver_24.jpg,1,640,480,30
1772564105.283544,silver,silver/20260303_155505_283_silver_25.jpg,1,640,480,30
1772564105.292911,silver,silver/20260303_155505_292_silver_26.jpg,1,640,480,30
1772564105.302645,silver,silver/20260303_155505_302_silver_27.jpg,1,640,480,30
1772564105.311463,silver,silver/20260303_155505_311_silver_28.jpg,1,640,480,30
1772564105.321388,silver,silver/20260303_155505_321_silver_29.jpg,1,640,480,30
1772564105.330660,silver,silver/20260303_155505_330_silver_30.jpg,1,640,480,30
1772564106.763678,silver,silver/20260303_155506_763_silver_00.jpg,1,640,480,30
1772564106.775680,silver,silver/20260303_155506_775_silver_01.jpg,1,640,480,30
1772564106.786213,silver,silver/20260303_155506_786_silver_02.jpg,1,640,480,30
1772564106.795585,silver,silver/20260303_155506_795_silver_03.jpg,1,640,480,30
1772564106.806057,silver,silver/20260303_155506_806_silver_04.jpg,1,640,480,30
1772564106.817050,silver,silver/20260303_155506_817_silver_05.jpg,1,640,480,30
1772564106.827211,silver,silver/20260303_155506_827_silver_06.jpg,1,640,480,30
1772564106.837875,silver,silver/20260303_155506_837_silver_07.jpg,1,640,480,30
1772564106.847602,silver,silver/20260303_155506_847_silver_08.jpg,1,640,480,30
1772564106.857836,silver,silver/20260303_155506_857_silver_09.jpg,1,640,480,30
1772564106.867491,silver,silver/20260303_155506_867_silver_10.jpg,1,640,480,30
1772564106.878498,silver,silver/20260303_155506_878_silver_11.jpg,1,640,480,30
1772564106.888088,silver,silver/20260303_155506_888_silver_12.jpg,1,640,480,30
1772564106.898209,silver,silver/20260303_155506_898_silver_13.jpg,1,640,480,30
1772564106.907909,silver,silver/20260303_155506_907_silver_14.jpg,1,640,480,30
1772564106.918380,silver,silver/20260303_155506_918_silver_15.jpg,1,640,480,30
1772564106.928341,silver,silver/20260303_155506_928_silver_16.jpg,1,640,480,30
1772564106.937841,silver,silver/20260303_155506_937_silver_17.jpg,1,640,480,30
1772564106.948298,silver,silver/20260303_155506_948_silver_18.jpg,1,640,480,30
1772564106.958288,silver,silver/20260303_155506_958_silver_19.jpg,1,640,480,30
1772564106.967718,silver,silver/20260303_155506_967_silver_20.jpg,1,640,480,30
1772564106.977721,silver,silver/20260303_155506_977_silver_21.jpg,1,640,480,30
1772564106.986739,silver,silver/20260303_155506_986_silver_22.jpg,1,640,480,30
1772564106.995922,silver,silver/20260303_155506_995_silver_23.jpg,1,640,480,30
1772564107.006501,silver,silver/20260303_155507_006_silver_24.jpg,1,640,480,30
1772564107.016127,silver,silver/20260303_155507_016_silver_25.jpg,1,640,480,30
1772564107.025804,silver,silver/20260303_155507_025_silver_26.jpg,1,640,480,30
1772564107.036110,silver,silver/20260303_155507_036_silver_27.jpg,1,640,480,30
1772564107.046411,silver,silver/20260303_155507_046_silver_28.jpg,1,640,480,30
1772564107.057153,silver,silver/20260303_155507_057_silver_29.jpg,1,640,480,30
1772564107.068991,silver,silver/20260303_155507_068_silver_30.jpg,1,640,480,30
1772564123.889331,silver,silver/20260303_155523_889_silver_00.jpg,1,640,480,30
1772564123.898142,silver,silver/20260303_155523_898_silver_01.jpg,1,640,480,30
1772564123.906739,silver,silver/20260303_155523_906_silver_02.jpg,1,640,480,30
1772564123.914208,silver,silver/20260303_155523_914_silver_03.jpg,1,640,480,30
1772564123.921740,silver,silver/20260303_155523_921_silver_04.jpg,1,640,480,30
1772564123.929119,silver,silver/20260303_155523_929_silver_05.jpg,1,640,480,30
1772564123.936594,silver,silver/20260303_155523_936_silver_06.jpg,1,640,480,30
1772564123.943324,silver,silver/20260303_155523_943_silver_07.jpg,1,640,480,30
1772564123.950385,silver,silver/20260303_155523_950_silver_08.jpg,1,640,480,30
1772564123.957550,silver,silver/20260303_155523_957_silver_09.jpg,1,640,480,30
1772564123.964520,silver,silver/20260303_155523_964_silver_10.jpg,1,640,480,30
1772564123.972422,silver,silver/20260303_155523_972_silver_11.jpg,1,640,480,30
1772564123.980500,silver,silver/20260303_155523_980_silver_12.jpg,1,640,480,30
1772564123.988932,silver,silver/20260303_155523_988_silver_13.jpg,1,640,480,30
1772564123.996301,silver,silver/20260303_155523_996_silver_14.jpg,1,640,480,30
1772564124.005107,silver,silver/20260303_155524_005_silver_15.jpg,1,640,480,30
1772564124.012469,silver,silver/20260303_155524_012_silver_16.jpg,1,640,480,30
1772564124.019731,silver,silver/20260303_155524_019_silver_17.jpg,1,640,480,30
1772564124.027176,silver,silver/20260303_155524_027_silver_18.jpg,1,640,480,30
1772564124.034586,silver,silver/20260303_155524_034_silver_19.jpg,1,640,480,30
1772564124.041756,silver,silver/20260303_155524_041_silver_20.jpg,1,640,480,30
1772564124.049721,silver,silver/20260303_155524_049_silver_21.jpg,1,640,480,30
1772564124.057919,silver,silver/20260303_155524_057_silver_22.jpg,1,640,480,30
1772564124.064893,silver,silver/20260303_155524_064_silver_23.jpg,1,640,480,30
1772564124.074119,silver,silver/20260303_155524_074_silver_24.jpg,1,640,480,30
1772564124.081202,silver,silver/20260303_155524_081_silver_25.jpg,1,640,480,30
1772564124.087724,silver,silver/20260303_155524_087_silver_26.jpg,1,640,480,30
1772564124.097286,silver,silver/20260303_155524_097_silver_27.jpg,1,640,480,30
1772564124.104326,silver,silver/20260303_155524_104_silver_28.jpg,1,640,480,30
1772564124.112098,silver,silver/20260303_155524_112_silver_29.jpg,1,640,480,30
1772564124.119684,silver,silver/20260303_155524_119_silver_30.jpg,1,640,480,30
1772564125.180604,silver,silver/20260303_155525_180_silver_00.jpg,1,640,480,30
1772564125.188332,silver,silver/20260303_155525_188_silver_01.jpg,1,640,480,30
1772564125.195278,silver,silver/20260303_155525_195_silver_02.jpg,1,640,480,30
1772564125.201928,silver,silver/20260303_155525_201_silver_03.jpg,1,640,480,30
1772564125.208913,silver,silver/20260303_155525_208_silver_04.jpg,1,640,480,30
1772564125.215021,silver,silver/20260303_155525_215_silver_05.jpg,1,640,480,30
1772564125.223094,silver,silver/20260303_155525_223_silver_06.jpg,1,640,480,30
1772564125.229566,silver,silver/20260303_155525_229_silver_07.jpg,1,640,480,30
1772564125.236508,silver,silver/20260303_155525_236_silver_08.jpg,1,640,480,30
1772564125.243912,silver,silver/20260303_155525_243_silver_09.jpg,1,640,480,30
1772564125.251199,silver,silver/20260303_155525_251_silver_10.jpg,1,640,480,30
1772564125.258177,silver,silver/20260303_155525_258_silver_11.jpg,1,640,480,30
1772564125.264673,silver,silver/20260303_155525_264_silver_12.jpg,1,640,480,30
1772564125.271839,silver,silver/20260303_155525_271_silver_13.jpg,1,640,480,30
1772564125.291842,silver,silver/20260303_155525_291_silver_14.jpg,1,640,480,30
1772564125.300948,silver,silver/20260303_155525_300_silver_15.jpg,1,640,480,30
1772564125.308215,silver,silver/20260303_155525_308_silver_16.jpg,1,640,480,30
1772564125.315546,silver,silver/20260303_155525_315_silver_17.jpg,1,640,480,30
1772564125.326623,silver,silver/20260303_155525_326_silver_18.jpg,1,640,480,30
1772564125.336607,silver,silver/20260303_155525_336_silver_19.jpg,1,640,480,30
1772564125.353988,silver,silver/20260303_155525_353_silver_20.jpg,1,640,480,30
1772564125.364416,silver,silver/20260303_155525_364_silver_21.jpg,1,640,480,30
1772564125.371253,silver,silver/20260303_155525_371_silver_22.jpg,1,640,480,30
1772564125.379957,silver,silver/20260303_155525_379_silver_23.jpg,1,640,480,30
1772564125.387140,silver,silver/20260303_155525_387_silver_24.jpg,1,640,480,30
1772564125.395318,silver,silver/20260303_155525_395_silver_25.jpg,1,640,480,30
1772564125.405614,silver,silver/20260303_155525_405_silver_26.jpg,1,640,480,30
1772564125.413444,silver,silver/20260303_155525_413_silver_27.jpg,1,640,480,30
1772564125.420302,silver,silver/20260303_155525_420_silver_28.jpg,1,640,480,30
1772564125.427528,silver,silver/20260303_155525_427_silver_29.jpg,1,640,480,30
1772564125.434367,silver,silver/20260303_155525_434_silver_30.jpg,1,640,480,30
