2026-03-10T17:32:07.141+00:00 [SEARCHING_LINE] fsm initialized
2026-03-10T17:32:13.158+00:00 [FOLLOWING_LINE] SEARCHING_LINE --ON_LINE_FOUND--> FOLLOWING_LINE | line detected; vision_live
2026-03-10T17:33:48.091+00:00 [VALIDATING_GAP] FOLLOWING_LINE --ON_GAP--> VALIDATING_GAP | possible gap detected; line_gap_suspected
2026-03-10T17:33:48.150+00:00 [FOLLOWING_LINE] VALIDATING_GAP --ON_LINE_FOUND--> FOLLOWING_LINE | false positive gap; vision_live
2026-03-10T17:33:48.668+00:00 [VALIDATING_GAP] FOLLOWING_LINE --ON_GAP--> VALIDATING_GAP | possible gap detected; line_gap_suspected
2026-03-10T17:33:48.692+00:00 [FOLLOWING_LINE] VALIDATING_GAP --ON_LINE_FOUND--> FOLLOWING_LINE | false positive gap; vision_live
2026-03-10T17:33:48.878+00:00 [VALIDATING_GAP] FOLLOWING_LINE --ON_GAP--> VALIDATING_GAP | possible gap detected; line_gap_suspected
2026-03-10T17:33:48.936+00:00 [SEARCHING_LINE] VALIDATING_GAP --ON_LINE_LOST--> SEARCHING_LINE | line not recovered during validation; line_lost_streak
2026-03-10T17:33:48.963+00:00 [SEARCHING_LINE] SEARCHING_LINE --ON_LINE_LOST--> SEARCHING_LINE | still searching for line; line_lost_streak
2026-03-10T17:33:48.985+00:00 [SEARCHING_LINE] SEARCHING_LINE --ON_LINE_LOST--> SEARCHING_LINE | still searching for line; line_lost_streak
2026-03-10T17:33:49.010+00:00 [SEARCHING_LINE] SEARCHING_LINE --ON_LINE_LOST--> SEARCHING_LINE | still searching for line; line_lost_streak
2026-03-10T17:33:49.052+00:00 [SEARCHING_LINE] SEARCHING_LINE --ON_LINE_LOST--> SEARCHING_LINE | still searching for line; line_lost_streak
2026-03-10T17:33:49.088+00:00 [SEARCHING_LINE] SEARCHING_LINE --ON_LINE_LOST--> SEARCHING_LINE | still searching for line; line_lost_streak
2026-03-10T17:33:49.128+00:00 [SEARCHING_LINE] SEARCHING_LINE --ON_LINE_LOST--> SEARCHING_LINE | still searching for line; line_lost_streak
2026-03-10T17:33:49.171+00:00 [SEARCHING_LINE] SEARCHING_LINE --ON_LINE_LOST--> SEARCHING_LINE | still searching for line; line_lost_streak
2026-03-10T17:33:49.187+00:00 [FOLLOWING_LINE] SEARCHING_LINE --ON_LINE_FOUND--> FOLLOWING_LINE | line detected; vision_live
2026-03-10T17:33:49.334+00:00 [VALIDATING_GAP] FOLLOWING_LINE --ON_GAP--> VALIDATING_GAP | possible gap detected; line_gap_suspected
2026-03-10T17:33:49.404+00:00 [SEARCHING_LINE] VALIDATING_GAP --ON_LINE_LOST--> SEARCHING_LINE | line not recovered during validation; line_lost_streak
2026-03-10T17:33:49.439+00:00 [SEARCHING_LINE] SEARCHING_LINE --ON_LINE_LOST--> SEARCHING_LINE | still searching for line; line_lost_streak
2026-03-10T17:33:49.470+00:00 [SEARCHING_LINE] SEARCHING_LINE --ON_LINE_LOST--> SEARCHING_LINE | still searching for line; line_lost_streak
2026-03-10T17:33:49.507+00:00 [SEARCHING_LINE] SEARCHING_LINE --ON_LINE_LOST--> SEARCHING_LINE | still searching for line; line_lost_streak
2026-03-10T17:33:49.526+00:00 [SEARCHING_LINE] SEARCHING_LINE --ON_LINE_LOST--> SEARCHING_LINE | still searching for line; line_lost_streak
2026-03-10T17:33:49.563+00:00 [SEARCHING_LINE] SEARCHING_LINE --ON_LINE_LOST--> SEARCHING_LINE | still searching for line; line_lost_streak
2026-03-10T17:33:49.616+00:00 [SEARCHING_LINE] SEARCHING_LINE --ON_LINE_LOST--> SEARCHING_LINE | still searching for line; line_lost_streak
2026-03-10T17:33:49.635+00:00 [SEARCHING_LINE] SEARCHING_LINE --ON_LINE_LOST--> SEARCHING_LINE | still searching for line; line_lost_streak
2026-03-10T17:33:49.667+00:00 [SEARCHING_LINE] SEARCHING_LINE --ON_LINE_LOST--> SEARCHING_LINE | still searching for line; line_lost_streak
2026-03-10T17:33:49.708+00:00 [SEARCHING_LINE] SEARCHING_LINE --ON_LINE_LOST--> SEARCHING_LINE | still searching for line; line_lost_streak
2026-03-10T17:33:49.737+00:00 [SEARCHING_LINE] SEARCHING_LINE --ON_LINE_LOST--> SEARCHING_LINE | still searching for line; line_lost_streak
2026-03-10T17:33:49.759+00:00 [SEARCHING_LINE] SEARCHING_LINE --ON_LINE_LOST--> SEARCHING_LINE | still searching for line; line_lost_streak
2026-03-10T17:33:49.776+00:00 [SEARCHING_LINE] SEARCHING_LINE --ON_LINE_LOST--> SEARCHING_LINE | still searching for line; line_lost_streak
2026-03-10T17:33:49.807+00:00 [SEARCHING_LINE] SEARCHING_LINE --ON_LINE_LOST--> SEARCHING_LINE | still searching for line; line_lost_streak
2026-03-10T17:33:49.843+00:00 [SEARCHING_LINE] SEARCHING_LINE --ON_LINE_LOST--> SEARCHING_LINE | still searching for line; line_lost_streak
2026-03-10T17:33:49.874+00:00 [SEARCHING_LINE] SEARCHING_LINE --ON_LINE_LOST--> SEARCHING_LINE | still searching for line; line_lost_streak
2026-03-10T17:33:49.912+00:00 [SEARCHING_LINE] SEARCHING_LINE --ON_LINE_LOST--> SEARCHING_LINE | still searching for line; line_lost_streak
2026-03-10T17:33:49.952+00:00 [SEARCHING_LINE] SEARCHING_LINE --ON_LINE_LOST--> SEARCHING_LINE | still searching for line; line_lost_streak
2026-03-10T17:33:49.989+00:00 [SEARCHING_LINE] SEARCHING_LINE --ON_LINE_LOST--> SEARCHING_LINE | still searching for line; line_lost_streak
2026-03-10T17:33:50.016+00:00 [SEARCHING_LINE] SEARCHING_LINE --ON_LINE_LOST--> SEARCHING_LINE | still searching for line; line_lost_streak
2026-03-10T17:33:50.059+00:00 [SEARCHING_LINE] SEARCHING_LINE --ON_LINE_LOST--> SEARCHING_LINE | still searching for line; line_lost_streak
2026-03-10T17:33:50.089+00:00 [SEARCHING_LINE] SEARCHING_LINE --ON_LINE_LOST--> SEARCHING_LINE | still searching for line; line_lost_streak
2026-03-10T17:33:50.107+00:00 [SEARCHING_LINE] SEARCHING_LINE --ON_LINE_LOST--> SEARCHING_LINE | still searching for line; line_lost_streak
2026-03-10T17:33:50.151+00:00 [SEARCHING_LINE] SEARCHING_LINE --ON_LINE_LOST--> SEARCHING_LINE | still searching for line; line_lost_streak
2026-03-10T17:33:50.197+00:00 [SEARCHING_LINE] SEARCHING_LINE --ON_LINE_LOST--> SEARCHING_LINE | still searching for line; line_lost_streak
2026-03-10T17:33:50.238+00:00 [SEARCHING_LINE] SEARCHING_LINE --ON_LINE_LOST--> SEARCHING_LINE | still searching for line; line_lost_streak
2026-03-10T17:33:50.265+00:00 [SEARCHING_LINE] SEARCHING_LINE --ON_LINE_LOST--> SEARCHING_LINE | still searching for line; line_lost_streak
2026-03-10T17:33:50.280+00:00 [SEARCHING_LINE] SEARCHING_LINE --ON_LINE_LOST--> SEARCHING_LINE | still searching for line; line_lost_streak
2026-03-10T17:33:50.301+00:00 [SEARCHING_LINE] SEARCHING_LINE --ON_LINE_LOST--> SEARCHING_LINE | still searching for line; line_lost_streak
2026-03-10T17:33:50.373+00:00 [SEARCHING_LINE] SEARCHING_LINE --ON_LINE_LOST--> SEARCHING_LINE | still searching for line; line_lost_streak
2026-03-10T17:33:50.398+00:00 [SEARCHING_LINE] SEARCHING_LINE --ON_LINE_LOST--> SEARCHING_LINE | still searching for line; line_lost_streak
2026-03-10T17:33:50.416+00:00 [SEARCHING_LINE] SEARCHING_LINE --ON_LINE_LOST--> SEARCHING_LINE | still searching for line; line_lost_streak
2026-03-10T17:33:50.455+00:00 [SEARCHING_LINE] SEARCHING_LINE --ON_LINE_LOST--> SEARCHING_LINE | still searching for line; line_lost_streak
2026-03-10T17:33:50.477+00:00 [SEARCHING_LINE] SEARCHING_LINE --ON_LINE_LOST--> SEARCHING_LINE | still searching for line; line_lost_streak
2026-03-10T17:33:50.539+00:00 [SEARCHING_LINE] SEARCHING_LINE --ON_LINE_LOST--> SEARCHING_LINE | still searching for line; line_lost_streak
2026-03-10T17:33:50.564+00:00 [SEARCHING_LINE] SEARCHING_LINE --ON_LINE_LOST--> SEARCHING_LINE | still searching for line; line_lost_streak
2026-03-10T17:33:50.603+00:00 [SEARCHING_LINE] SEARCHING_LINE --ON_LINE_LOST--> SEARCHING_LINE | still searching for line; line_lost_streak
2026-03-10T17:33:50.641+00:00 [SEARCHING_LINE] SEARCHING_LINE --ON_LINE_LOST--> SEARCHING_LINE | still searching for line; line_lost_streak
2026-03-10T17:33:50.683+00:00 [SEARCHING_LINE] SEARCHING_LINE --ON_LINE_LOST--> SEARCHING_LINE | still searching for line; line_lost_streak
2026-03-10T17:33:50.717+00:00 [SEARCHING_LINE] SEARCHING_LINE --ON_LINE_LOST--> SEARCHING_LINE | still searching for line; line_lost_streak
2026-03-10T17:33:50.760+00:00 [SEARCHING_LINE] SEARCHING_LINE --ON_LINE_LOST--> SEARCHING_LINE | still searching for line; line_lost_streak
2026-03-10T17:33:50.783+00:00 [SEARCHING_LINE] SEARCHING_LINE --ON_LINE_LOST--> SEARCHING_LINE | still searching for line; line_lost_streak
2026-03-10T17:33:50.828+00:00 [SEARCHING_LINE] SEARCHING_LINE --ON_LINE_LOST--> SEARCHING_LINE | still searching for line; line_lost_streak
2026-03-10T17:33:50.854+00:00 [SEARCHING_LINE] SEARCHING_LINE --ON_LINE_LOST--> SEARCHING_LINE | still searching for line; line_lost_streak
2026-03-10T17:33:50.889+00:00 [SEARCHING_LINE] SEARCHING_LINE --ON_LINE_LOST--> SEARCHING_LINE | still searching for line; line_lost_streak
2026-03-10T17:33:50.911+00:00 [SEARCHING_LINE] SEARCHING_LINE --ON_LINE_LOST--> SEARCHING_LINE | still searching for line; line_lost_streak
2026-03-10T17:33:50.955+00:00 [SEARCHING_LINE] SEARCHING_LINE --ON_LINE_LOST--> SEARCHING_LINE | still searching for line; line_lost_streak
2026-03-10T17:33:50.998+00:00 [SEARCHING_LINE] SEARCHING_LINE --ON_LINE_LOST--> SEARCHING_LINE | still searching for line; line_lost_streak
2026-03-10T17:33:51.023+00:00 [SEARCHING_LINE] SEARCHING_LINE --ON_LINE_LOST--> SEARCHING_LINE | still searching for line; line_lost_streak
2026-03-10T17:33:51.053+00:00 [SEARCHING_LINE] SEARCHING_LINE --ON_LINE_LOST--> SEARCHING_LINE | still searching for line; line_lost_streak
2026-03-10T17:33:51.100+00:00 [SEARCHING_LINE] SEARCHING_LINE --ON_LINE_LOST--> SEARCHING_LINE | still searching for line; line_lost_streak
2026-03-10T17:33:51.135+00:00 [SEARCHING_LINE] SEARCHING_LINE --ON_LINE_LOST--> SEARCHING_LINE | still searching for line; line_lost_streak
2026-03-10T17:33:51.160+00:00 [SEARCHING_LINE] SEARCHING_LINE --ON_LINE_LOST--> SEARCHING_LINE | still searching for line; line_lost_streak
2026-03-10T17:33:51.186+00:00 [SEARCHING_LINE] SEARCHING_LINE --ON_LINE_LOST--> SEARCHING_LINE | still searching for line; line_lost_streak
2026-03-10T17:33:51.219+00:00 [SEARCHING_LINE] SEARCHING_LINE --ON_LINE_LOST--> SEARCHING_LINE | still searching for line; line_lost_streak
2026-03-10T17:33:51.249+00:00 [SEARCHING_LINE] SEARCHING_LINE --ON_LINE_LOST--> SEARCHING_LINE | still searching for line; line_lost_streak
2026-03-10T17:33:51.292+00:00 [SEARCHING_LINE] SEARCHING_LINE --ON_LINE_LOST--> SEARCHING_LINE | still searching for line; line_lost_streak
2026-03-10T17:33:51.322+00:00 [SEARCHING_LINE] SEARCHING_LINE --ON_LINE_LOST--> SEARCHING_LINE | still searching for line; line_lost_streak
2026-03-10T17:33:51.371+00:00 [SEARCHING_LINE] SEARCHING_LINE --ON_LINE_LOST--> SEARCHING_LINE | still searching for line; line_lost_streak
2026-03-10T17:33:51.404+00:00 [SEARCHING_LINE] SEARCHING_LINE --ON_LINE_LOST--> SEARCHING_LINE | still searching for line; line_lost_streak
2026-03-10T17:33:51.438+00:00 [SEARCHING_LINE] SEARCHING_LINE --ON_LINE_LOST--> SEARCHING_LINE | still searching for line; line_lost_streak
2026-03-10T17:33:51.483+00:00 [SEARCHING_LINE] SEARCHING_LINE --ON_LINE_LOST--> SEARCHING_LINE | still searching for line; line_lost_streak
2026-03-10T17:33:51.506+00:00 [SEARCHING_LINE] SEARCHING_LINE --ON_LINE_LOST--> SEARCHING_LINE | still searching for line; line_lost_streak
2026-03-10T17:33:51.525+00:00 [SEARCHING_LINE] SEARCHING_LINE --ON_LINE_LOST--> SEARCHING_LINE | still searching for line; line_lost_streak
2026-03-10T17:33:51.560+00:00 [SEARCHING_LINE] SEARCHING_LINE --ON_LINE_LOST--> SEARCHING_LINE | still searching for line; line_lost_streak
2026-03-10T17:33:51.615+00:00 [SEARCHING_LINE] SEARCHING_LINE --ON_LINE_LOST--> SEARCHING_LINE | still searching for line; line_lost_streak
2026-03-10T17:33:51.655+00:00 [SEARCHING_LINE] SEARCHING_LINE --ON_LINE_LOST--> SEARCHING_LINE | still searching for line; line_lost_streak
2026-03-10T17:33:51.675+00:00 [SEARCHING_LINE] SEARCHING_LINE --ON_LINE_LOST--> SEARCHING_LINE | still searching for line; line_lost_streak
2026-03-10T17:33:51.687+00:00 [SEARCHING_LINE] SEARCHING_LINE --ON_LINE_LOST--> SEARCHING_LINE | still searching for line; line_lost_streak
2026-03-10T17:33:51.712+00:00 [SEARCHING_LINE] SEARCHING_LINE --ON_LINE_LOST--> SEARCHING_LINE | still searching for line; line_lost_streak
2026-03-10T17:33:51.747+00:00 [SEARCHING_LINE] SEARCHING_LINE --ON_LINE_LOST--> SEARCHING_LINE | still searching for line; line_lost_streak
2026-03-10T17:33:51.819+00:00 [SEARCHING_LINE] SEARCHING_LINE --ON_LINE_LOST--> SEARCHING_LINE | still searching for line; line_lost_streak
2026-03-10T17:33:51.861+00:00 [SEARCHING_LINE] SEARCHING_LINE --ON_LINE_LOST--> SEARCHING_LINE | still searching for line; line_lost_streak
2026-03-10T17:33:51.891+00:00 [SEARCHING_LINE] SEARCHING_LINE --ON_LINE_LOST--> SEARCHING_LINE | still searching for line; line_lost_streak
2026-03-10T17:33:51.915+00:00 [SEARCHING_LINE] SEARCHING_LINE --ON_LINE_LOST--> SEARCHING_LINE | still searching for line; line_lost_streak
2026-03-10T17:33:51.952+00:00 [SEARCHING_LINE] SEARCHING_LINE --ON_LINE_LOST--> SEARCHING_LINE | still searching for line; line_lost_streak
2026-03-10T17:33:51.976+00:00 [SEARCHING_LINE] SEARCHING_LINE --ON_LINE_LOST--> SEARCHING_LINE | still searching for line; line_lost_streak
2026-03-10T17:33:51.996+00:00 [SEARCHING_LINE] SEARCHING_LINE --ON_LINE_LOST--> SEARCHING_LINE | still searching for line; line_lost_streak
2026-03-10T17:33:52.017+00:00 [SEARCHING_LINE] SEARCHING_LINE --ON_LINE_LOST--> SEARCHING_LINE | still searching for line; line_lost_streak
2026-03-10T17:33:52.058+00:00 [SEARCHING_LINE] SEARCHING_LINE --ON_LINE_LOST--> SEARCHING_LINE | still searching for line; line_lost_streak
2026-03-10T17:33:52.087+00:00 [SEARCHING_LINE] SEARCHING_LINE --ON_LINE_LOST--> SEARCHING_LINE | still searching for line; line_lost_streak
2026-03-10T17:33:52.113+00:00 [SEARCHING_LINE] SEARCHING_LINE --ON_LINE_LOST--> SEARCHING_LINE | still searching for line; line_lost_streak
2026-03-10T17:33:52.159+00:00 [SEARCHING_LINE] SEARCHING_LINE --ON_LINE_LOST--> SEARCHING_LINE | still searching for line; line_lost_streak
2026-03-10T17:33:52.220+00:00 [SEARCHING_LINE] SEARCHING_LINE --ON_LINE_LOST--> SEARCHING_LINE | still searching for line; line_lost_streak
2026-03-10T17:33:52.241+00:00 [SEARCHING_LINE] SEARCHING_LINE --ON_LINE_LOST--> SEARCHING_LINE | still searching for line; line_lost_streak
2026-03-10T17:33:52.272+00:00 [SEARCHING_LINE] SEARCHING_LINE --ON_LINE_LOST--> SEARCHING_LINE | still searching for line; line_lost_streak
2026-03-10T17:33:52.316+00:00 [SEARCHING_LINE] SEARCHING_LINE --ON_LINE_LOST--> SEARCHING_LINE | still searching for line; line_lost_streak
2026-03-10T17:33:52.339+00:00 [SEARCHING_LINE] SEARCHING_LINE --ON_LINE_LOST--> SEARCHING_LINE | still searching for line; line_lost_streak
2026-03-10T17:33:52.381+00:00 [SEARCHING_LINE] SEARCHING_LINE --ON_LINE_LOST--> SEARCHING_LINE | still searching for line; line_lost_streak
2026-03-10T17:33:52.406+00:00 [SEARCHING_LINE] SEARCHING_LINE --ON_LINE_LOST--> SEARCHING_LINE | still searching for line; line_lost_streak
2026-03-10T17:33:52.438+00:00 [SEARCHING_LINE] SEARCHING_LINE --ON_LINE_LOST--> SEARCHING_LINE | still searching for line; line_lost_streak
2026-03-10T17:33:52.465+00:00 [SEARCHING_LINE] SEARCHING_LINE --ON_LINE_LOST--> SEARCHING_LINE | still searching for line; line_lost_streak
2026-03-10T17:33:52.484+00:00 [SEARCHING_LINE] SEARCHING_LINE --ON_LINE_LOST--> SEARCHING_LINE | still searching for line; line_lost_streak
2026-03-10T17:33:52.535+00:00 [SEARCHING_LINE] SEARCHING_LINE --ON_LINE_LOST--> SEARCHING_LINE | still searching for line; line_lost_streak
2026-03-10T17:33:52.559+00:00 [SEARCHING_LINE] SEARCHING_LINE --ON_LINE_LOST--> SEARCHING_LINE | still searching for line; line_lost_streak
2026-03-10T17:33:52.584+00:00 [SEARCHING_LINE] SEARCHING_LINE --ON_LINE_LOST--> SEARCHING_LINE | still searching for line; line_lost_streak
2026-03-10T17:33:52.671+00:00 [SEARCHING_LINE] SEARCHING_LINE --ON_LINE_LOST--> SEARCHING_LINE | still searching for line; line_lost_streak
2026-03-10T17:33:52.684+00:00 [SEARCHING_LINE] SEARCHING_LINE --ON_LINE_LOST--> SEARCHING_LINE | still searching for line; line_lost_streak
2026-03-10T17:33:52.700+00:00 [SEARCHING_LINE] SEARCHING_LINE --ON_LINE_LOST--> SEARCHING_LINE | still searching for line; line_lost_streak
2026-03-10T17:33:52.741+00:00 [SEARCHING_LINE] SEARCHING_LINE --ON_LINE_LOST--> SEARCHING_LINE | still searching for line; line_lost_streak
2026-03-10T17:33:52.769+00:00 [SEARCHING_LINE] SEARCHING_LINE --ON_LINE_LOST--> SEARCHING_LINE | still searching for line; line_lost_streak
2026-03-10T17:33:52.800+00:00 [SEARCHING_LINE] SEARCHING_LINE --ON_LINE_LOST--> SEARCHING_LINE | still searching for line; line_lost_streak
2026-03-10T17:33:52.843+00:00 [SEARCHING_LINE] SEARCHING_LINE --ON_LINE_LOST--> SEARCHING_LINE | still searching for line; line_lost_streak
2026-03-10T17:33:52.863+00:00 [SEARCHING_LINE] SEARCHING_LINE --ON_LINE_LOST--> SEARCHING_LINE | still searching for line; line_lost_streak
2026-03-10T17:33:52.888+00:00 [SEARCHING_LINE] SEARCHING_LINE --ON_LINE_LOST--> SEARCHING_LINE | still searching for line; line_lost_streak
2026-03-10T17:33:52.914+00:00 [SEARCHING_LINE] SEARCHING_LINE --ON_LINE_LOST--> SEARCHING_LINE | still searching for line; line_lost_streak
2026-03-10T17:33:52.965+00:00 [SEARCHING_LINE] SEARCHING_LINE --ON_LINE_LOST--> SEARCHING_LINE | still searching for line; line_lost_streak
2026-03-10T17:33:52.985+00:00 [SEARCHING_LINE] SEARCHING_LINE --ON_LINE_LOST--> SEARCHING_LINE | still searching for line; line_lost_streak
2026-03-10T17:33:53.013+00:00 [SEARCHING_LINE] SEARCHING_LINE --ON_LINE_LOST--> SEARCHING_LINE | still searching for line; line_lost_streak
2026-03-10T17:33:53.071+00:00 [SEARCHING_LINE] SEARCHING_LINE --ON_LINE_LOST--> SEARCHING_LINE | still searching for line; line_lost_streak
2026-03-10T17:33:53.110+00:00 [SEARCHING_LINE] SEARCHING_LINE --ON_LINE_LOST--> SEARCHING_LINE | still searching for line; line_lost_streak
2026-03-10T17:33:53.141+00:00 [SEARCHING_LINE] SEARCHING_LINE --ON_LINE_LOST--> SEARCHING_LINE | still searching for line; line_lost_streak
2026-03-10T17:33:53.177+00:00 [SEARCHING_LINE] SEARCHING_LINE --ON_LINE_LOST--> SEARCHING_LINE | still searching for line; line_lost_streak
2026-03-10T17:33:53.201+00:00 [SEARCHING_LINE] SEARCHING_LINE --ON_LINE_LOST--> SEARCHING_LINE | still searching for line; line_lost_streak
2026-03-10T17:33:53.224+00:00 [SEARCHING_LINE] SEARCHING_LINE --ON_LINE_LOST--> SEARCHING_LINE | still searching for line; line_lost_streak
2026-03-10T17:33:53.263+00:00 [SEARCHING_LINE] SEARCHING_LINE --ON_LINE_LOST--> SEARCHING_LINE | still searching for line; line_lost_streak
2026-03-10T17:33:53.301+00:00 [SEARCHING_LINE] SEARCHING_LINE --ON_LINE_LOST--> SEARCHING_LINE | still searching for line; line_lost_streak
2026-03-10T17:33:53.320+00:00 [SEARCHING_LINE] SEARCHING_LINE --ON_LINE_LOST--> SEARCHING_LINE | still searching for line; line_lost_streak
2026-03-10T17:33:53.344+00:00 [SEARCHING_LINE] SEARCHING_LINE --ON_LINE_LOST--> SEARCHING_LINE | still searching for line; line_lost_streak
2026-03-10T17:33:53.405+00:00 [SEARCHING_LINE] SEARCHING_LINE --ON_LINE_LOST--> SEARCHING_LINE | still searching for line; line_lost_streak
2026-03-10T17:33:53.430+00:00 [SEARCHING_LINE] SEARCHING_LINE --ON_LINE_LOST--> SEARCHING_LINE | still searching for line; line_lost_streak
2026-03-10T17:33:53.462+00:00 [SEARCHING_LINE] SEARCHING_LINE --ON_LINE_LOST--> SEARCHING_LINE | still searching for line; line_lost_streak
2026-03-10T17:33:53.514+00:00 [SEARCHING_LINE] SEARCHING_LINE --ON_LINE_LOST--> SEARCHING_LINE | still searching for line; line_lost_streak
2026-03-10T17:33:53.541+00:00 [SEARCHING_LINE] SEARCHING_LINE --ON_LINE_LOST--> SEARCHING_LINE | still searching for line; line_lost_streak
2026-03-10T17:33:53.559+00:00 [SEARCHING_LINE] SEARCHING_LINE --ON_LINE_LOST--> SEARCHING_LINE | still searching for line; line_lost_streak
2026-03-10T17:33:53.596+00:00 [SEARCHING_LINE] SEARCHING_LINE --ON_LINE_LOST--> SEARCHING_LINE | still searching for line; line_lost_streak
2026-03-10T17:33:53.635+00:00 [SEARCHING_LINE] SEARCHING_LINE --ON_LINE_LOST--> SEARCHING_LINE | still searching for line; line_lost_streak
2026-03-10T17:33:53.667+00:00 [SEARCHING_LINE] SEARCHING_LINE --ON_LINE_LOST--> SEARCHING_LINE | still searching for line; line_lost_streak
2026-03-10T17:33:53.693+00:00 [SEARCHING_LINE] SEARCHING_LINE --ON_LINE_LOST--> SEARCHING_LINE | still searching for line; line_lost_streak
2026-03-10T17:33:53.726+00:00 [SEARCHING_LINE] SEARCHING_LINE --ON_LINE_LOST--> SEARCHING_LINE | still searching for line; line_lost_streak
2026-03-10T17:33:53.752+00:00 [SEARCHING_LINE] SEARCHING_LINE --ON_LINE_LOST--> SEARCHING_LINE | still searching for line; line_lost_streak
2026-03-10T17:33:53.782+00:00 [SEARCHING_LINE] SEARCHING_LINE --ON_LINE_LOST--> SEARCHING_LINE | still searching for line; line_lost_streak
2026-03-10T17:33:53.838+00:00 [SEARCHING_LINE] SEARCHING_LINE --ON_LINE_LOST--> SEARCHING_LINE | still searching for line; line_lost_streak
2026-03-10T17:33:53.863+00:00 [SEARCHING_LINE] SEARCHING_LINE --ON_LINE_LOST--> SEARCHING_LINE | still searching for line; line_lost_streak
2026-03-10T17:33:53.887+00:00 [SEARCHING_LINE] SEARCHING_LINE --ON_LINE_LOST--> SEARCHING_LINE | still searching for line; line_lost_streak
2026-03-10T17:33:53.928+00:00 [SEARCHING_LINE] SEARCHING_LINE --ON_LINE_LOST--> SEARCHING_LINE | still searching for line; line_lost_streak
2026-03-10T17:33:53.972+00:00 [SEARCHING_LINE] SEARCHING_LINE --ON_LINE_LOST--> SEARCHING_LINE | still searching for line; line_lost_streak
2026-03-10T17:33:53.999+00:00 [SEARCHING_LINE] SEARCHING_LINE --ON_LINE_LOST--> SEARCHING_LINE | still searching for line; line_lost_streak
2026-03-10T17:33:54.041+00:00 [SEARCHING_LINE] SEARCHING_LINE --ON_LINE_LOST--> SEARCHING_LINE | still searching for line; line_lost_streak
2026-03-10T17:33:54.062+00:00 [SEARCHING_LINE] SEARCHING_LINE --ON_LINE_LOST--> SEARCHING_LINE | still searching for line; line_lost_streak
2026-03-10T17:33:54.085+00:00 [SEARCHING_LINE] SEARCHING_LINE --ON_LINE_LOST--> SEARCHING_LINE | still searching for line; line_lost_streak
2026-03-10T17:33:54.124+00:00 [SEARCHING_LINE] SEARCHING_LINE --ON_LINE_LOST--> SEARCHING_LINE | still searching for line; line_lost_streak
2026-03-10T17:33:54.171+00:00 [SEARCHING_LINE] SEARCHING_LINE --ON_LINE_LOST--> SEARCHING_LINE | still searching for line; line_lost_streak
2026-03-10T17:33:54.204+00:00 [SEARCHING_LINE] SEARCHING_LINE --ON_LINE_LOST--> SEARCHING_LINE | still searching for line; line_lost_streak
2026-03-10T17:33:54.238+00:00 [SEARCHING_LINE] SEARCHING_LINE --ON_LINE_LOST--> SEARCHING_LINE | still searching for line; line_lost_streak
2026-03-10T17:33:54.270+00:00 [SEARCHING_LINE] SEARCHING_LINE --ON_LINE_LOST--> SEARCHING_LINE | still searching for line; line_lost_streak
2026-03-10T17:33:54.282+00:00 [SEARCHING_LINE] SEARCHING_LINE --ON_LINE_LOST--> SEARCHING_LINE | still searching for line; line_lost_streak
2026-03-10T17:33:54.346+00:00 [SEARCHING_LINE] SEARCHING_LINE --ON_LINE_LOST--> SEARCHING_LINE | still searching for line; line_lost_streak
2026-03-10T17:33:54.362+00:00 [SEARCHING_LINE] SEARCHING_LINE --ON_LINE_LOST--> SEARCHING_LINE | still searching for line; line_lost_streak
2026-03-10T17:33:54.392+00:00 [SEARCHING_LINE] SEARCHING_LINE --ON_LINE_LOST--> SEARCHING_LINE | still searching for line; line_lost_streak
2026-03-10T17:33:54.428+00:00 [SEARCHING_LINE] SEARCHING_LINE --ON_LINE_LOST--> SEARCHING_LINE | still searching for line; line_lost_streak
2026-03-10T17:33:54.453+00:00 [SEARCHING_LINE] SEARCHING_LINE --ON_LINE_LOST--> SEARCHING_LINE | still searching for line; line_lost_streak
2026-03-10T17:33:54.498+00:00 [SEARCHING_LINE] SEARCHING_LINE --ON_LINE_LOST--> SEARCHING_LINE | still searching for line; line_lost_streak
2026-03-10T17:33:54.529+00:00 [SEARCHING_LINE] SEARCHING_LINE --ON_LINE_LOST--> SEARCHING_LINE | still searching for line; line_lost_streak
2026-03-10T17:33:54.548+00:00 [SEARCHING_LINE] SEARCHING_LINE --ON_LINE_LOST--> SEARCHING_LINE | still searching for line; line_lost_streak
2026-03-10T17:33:54.583+00:00 [SEARCHING_LINE] SEARCHING_LINE --ON_LINE_LOST--> SEARCHING_LINE | still searching for line; line_lost_streak
2026-03-10T17:33:54.629+00:00 [SEARCHING_LINE] SEARCHING_LINE --ON_LINE_LOST--> SEARCHING_LINE | still searching for line; line_lost_streak
2026-03-10T17:33:54.650+00:00 [SEARCHING_LINE] SEARCHING_LINE --ON_LINE_LOST--> SEARCHING_LINE | still searching for line; line_lost_streak
2026-03-10T17:33:54.691+00:00 [SEARCHING_LINE] SEARCHING_LINE --ON_LINE_LOST--> SEARCHING_LINE | still searching for line; line_lost_streak
2026-03-10T17:33:54.728+00:00 [SEARCHING_LINE] SEARCHING_LINE --ON_LINE_LOST--> SEARCHING_LINE | still searching for line; line_lost_streak
2026-03-10T17:33:54.770+00:00 [FOLLOWING_LINE] SEARCHING_LINE --ON_LINE_FOUND--> FOLLOWING_LINE | line detected; vision_live
2026-03-10T17:34:16.691+00:00 [FOLLOWING_LINE] FOLLOWING_LINE --ON_INTERSECTION--> FOLLOWING_LINE | intersection handled by navigation policy; vision_live
2026-03-10T17:34:16.740+00:00 [FOLLOWING_LINE] FOLLOWING_LINE --ON_INTERSECTION--> FOLLOWING_LINE | intersection handled by navigation policy; vision_live
2026-03-10T17:34:16.767+00:00 [FOLLOWING_LINE] FOLLOWING_LINE --ON_INTERSECTION--> FOLLOWING_LINE | intersection handled by navigation policy; vision_live
2026-03-10T17:34:16.831+00:00 [FOLLOWING_LINE] FOLLOWING_LINE --ON_INTERSECTION--> FOLLOWING_LINE | intersection handled by navigation policy; vision_live
2026-03-10T17:34:16.864+00:00 [FOLLOWING_LINE] FOLLOWING_LINE --ON_INTERSECTION--> FOLLOWING_LINE | intersection handled by navigation policy; vision_live
2026-03-10T17:34:18.513+00:00 [FOLLOWING_LINE] FOLLOWING_LINE --ON_INTERSECTION--> FOLLOWING_LINE | intersection handled by navigation policy; vision_live
2026-03-10T17:34:18.567+00:00 [FOLLOWING_LINE] FOLLOWING_LINE --ON_INTERSECTION--> FOLLOWING_LINE | intersection handled by navigation policy; vision_live
2026-03-10T17:34:18.597+00:00 [FOLLOWING_LINE] FOLLOWING_LINE --ON_INTERSECTION--> FOLLOWING_LINE | intersection handled by navigation policy; vision_live
2026-03-10T17:34:18.646+00:00 [FOLLOWING_LINE] FOLLOWING_LINE --ON_INTERSECTION--> FOLLOWING_LINE | intersection handled by navigation policy; vision_live
2026-03-10T17:34:18.674+00:00 [FOLLOWING_LINE] FOLLOWING_LINE --ON_INTERSECTION--> FOLLOWING_LINE | intersection handled by navigation policy; vision_live
2026-03-10T17:34:20.312+00:00 [FOLLOWING_LINE] FOLLOWING_LINE --ON_INTERSECTION--> FOLLOWING_LINE | intersection handled by navigation policy; vision_live
2026-03-10T17:34:20.365+00:00 [FOLLOWING_LINE] FOLLOWING_LINE --ON_INTERSECTION--> FOLLOWING_LINE | intersection handled by navigation policy; vision_live
2026-03-10T17:34:20.414+00:00 [FOLLOWING_LINE] FOLLOWING_LINE --ON_INTERSECTION--> FOLLOWING_LINE | intersection handled by navigation policy; vision_live
2026-03-10T17:34:20.455+00:00 [FOLLOWING_LINE] FOLLOWING_LINE --ON_INTERSECTION--> FOLLOWING_LINE | intersection handled by navigation policy; vision_live
2026-03-10T17:34:20.478+00:00 [FOLLOWING_LINE] FOLLOWING_LINE --ON_INTERSECTION--> FOLLOWING_LINE | intersection handled by navigation policy; vision_live
2026-03-10T17:34:20.501+00:00 [FOLLOWING_LINE] FOLLOWING_LINE --ON_INTERSECTION--> FOLLOWING_LINE | intersection handled by navigation policy; vision_live
2026-03-10T17:34:20.530+00:00 [FOLLOWING_LINE] FOLLOWING_LINE --ON_INTERSECTION--> FOLLOWING_LINE | intersection handled by navigation policy; vision_live
2026-03-10T17:34:20.577+00:00 [FOLLOWING_LINE] FOLLOWING_LINE --ON_INTERSECTION--> FOLLOWING_LINE | intersection handled by navigation policy; vision_live
2026-03-10T17:34:20.602+00:00 [FOLLOWING_LINE] FOLLOWING_LINE --ON_INTERSECTION--> FOLLOWING_LINE | intersection handled by navigation policy; vision_live
2026-03-10T17:34:20.632+00:00 [FOLLOWING_LINE] FOLLOWING_LINE --ON_INTERSECTION--> FOLLOWING_LINE | intersection handled by navigation policy; vision_live
2026-03-10T17:34:20.660+00:00 [FOLLOWING_LINE] FOLLOWING_LINE --ON_INTERSECTION--> FOLLOWING_LINE | intersection handled by navigation policy; vision_live
2026-03-10T17:34:20.684+00:00 [FOLLOWING_LINE] FOLLOWING_LINE --ON_INTERSECTION--> FOLLOWING_LINE | intersection handled by navigation policy; vision_live
2026-03-10T17:34:20.708+00:00 [FOLLOWING_LINE] FOLLOWING_LINE --ON_INTERSECTION--> FOLLOWING_LINE | intersection handled by navigation policy; vision_live
2026-03-10T17:34:20.750+00:00 [FOLLOWING_LINE] FOLLOWING_LINE --ON_INTERSECTION--> FOLLOWING_LINE | intersection handled by navigation policy; vision_live
2026-03-10T17:34:20.771+00:00 [FOLLOWING_LINE] FOLLOWING_LINE --ON_INTERSECTION--> FOLLOWING_LINE | intersection handled by navigation policy; vision_live
2026-03-10T17:34:20.803+00:00 [FOLLOWING_LINE] FOLLOWING_LINE --ON_INTERSECTION--> FOLLOWING_LINE | intersection handled by navigation policy; vision_live
2026-03-10T17:34:20.827+00:00 [FOLLOWING_LINE] FOLLOWING_LINE --ON_INTERSECTION--> FOLLOWING_LINE | intersection handled by navigation policy; vision_live
2026-03-10T17:34:20.888+00:00 [FOLLOWING_LINE] FOLLOWING_LINE --ON_INTERSECTION--> FOLLOWING_LINE | intersection handled by navigation policy; vision_live
2026-03-10T17:34:20.911+00:00 [FOLLOWING_LINE] FOLLOWING_LINE --ON_INTERSECTION--> FOLLOWING_LINE | intersection handled by navigation policy; vision_live
2026-03-10T17:34:20.940+00:00 [FOLLOWING_LINE] FOLLOWING_LINE --ON_INTERSECTION--> FOLLOWING_LINE | intersection handled by navigation policy; vision_live
2026-03-10T17:34:20.970+00:00 [FOLLOWING_LINE] FOLLOWING_LINE --ON_INTERSECTION--> FOLLOWING_LINE | intersection handled by navigation policy; vision_live
2026-03-10T17:34:20.997+00:00 [FOLLOWING_LINE] FOLLOWING_LINE --ON_INTERSECTION--> FOLLOWING_LINE | intersection handled by navigation policy; vision_live
2026-03-10T17:34:21.021+00:00 [FOLLOWING_LINE] FOLLOWING_LINE --ON_INTERSECTION--> FOLLOWING_LINE | intersection handled by navigation policy; vision_live
2026-03-10T17:34:21.059+00:00 [FOLLOWING_LINE] FOLLOWING_LINE --ON_INTERSECTION--> FOLLOWING_LINE | intersection handled by navigation policy; vision_live
2026-03-10T17:34:21.085+00:00 [FOLLOWING_LINE] FOLLOWING_LINE --ON_INTERSECTION--> FOLLOWING_LINE | intersection handled by navigation policy; vision_live
2026-03-10T17:34:21.141+00:00 [FOLLOWING_LINE] FOLLOWING_LINE --ON_INTERSECTION--> FOLLOWING_LINE | intersection handled by navigation policy; vision_live
2026-03-10T17:34:21.167+00:00 [FOLLOWING_LINE] FOLLOWING_LINE --ON_INTERSECTION--> FOLLOWING_LINE | intersection handled by navigation policy; vision_live
2026-03-10T17:34:21.212+00:00 [FOLLOWING_LINE] FOLLOWING_LINE --ON_INTERSECTION--> FOLLOWING_LINE | intersection handled by navigation policy; vision_live
2026-03-10T17:34:21.250+00:00 [FOLLOWING_LINE] FOLLOWING_LINE --ON_INTERSECTION--> FOLLOWING_LINE | intersection handled by navigation policy; vision_live
2026-03-10T17:34:21.279+00:00 [FOLLOWING_LINE] FOLLOWING_LINE --ON_INTERSECTION--> FOLLOWING_LINE | intersection handled by navigation policy; vision_live
2026-03-10T17:34:21.299+00:00 [FOLLOWING_LINE] FOLLOWING_LINE --ON_INTERSECTION--> FOLLOWING_LINE | intersection handled by navigation policy; vision_live
2026-03-10T17:34:21.328+00:00 [FOLLOWING_LINE] FOLLOWING_LINE --ON_INTERSECTION--> FOLLOWING_LINE | intersection handled by navigation policy; vision_live
2026-03-10T17:34:21.351+00:00 [FOLLOWING_LINE] FOLLOWING_LINE --ON_INTERSECTION--> FOLLOWING_LINE | intersection handled by navigation policy; vision_live
2026-03-10T17:34:21.392+00:00 [FOLLOWING_LINE] FOLLOWING_LINE --ON_INTERSECTION--> FOLLOWING_LINE | intersection handled by navigation policy; vision_live
2026-03-10T17:34:21.435+00:00 [FOLLOWING_LINE] FOLLOWING_LINE --ON_INTERSECTION--> FOLLOWING_LINE | intersection handled by navigation policy; vision_live
2026-03-10T17:34:21.468+00:00 [FOLLOWING_LINE] FOLLOWING_LINE --ON_INTERSECTION--> FOLLOWING_LINE | intersection handled by navigation policy; vision_live
2026-03-10T17:34:21.499+00:00 [FOLLOWING_LINE] FOLLOWING_LINE --ON_INTERSECTION--> FOLLOWING_LINE | intersection handled by navigation policy; vision_live
2026-03-10T17:34:21.548+00:00 [FOLLOWING_LINE] FOLLOWING_LINE --ON_INTERSECTION--> FOLLOWING_LINE | intersection handled by navigation policy; vision_live
2026-03-10T17:34:21.592+00:00 [FOLLOWING_LINE] FOLLOWING_LINE --ON_INTERSECTION--> FOLLOWING_LINE | intersection handled by navigation policy; vision_live
2026-03-10T17:34:21.616+00:00 [FOLLOWING_LINE] FOLLOWING_LINE --ON_INTERSECTION--> FOLLOWING_LINE | intersection handled by navigation policy; vision_live
2026-03-10T17:34:21.643+00:00 [FOLLOWING_LINE] FOLLOWING_LINE --ON_INTERSECTION--> FOLLOWING_LINE | intersection handled by navigation policy; vision_live
2026-03-10T17:34:21.669+00:00 [FOLLOWING_LINE] FOLLOWING_LINE --ON_INTERSECTION--> FOLLOWING_LINE | intersection handled by navigation policy; vision_live
2026-03-10T17:34:21.712+00:00 [FOLLOWING_LINE] FOLLOWING_LINE --ON_INTERSECTION--> FOLLOWING_LINE | intersection handled by navigation policy; vision_live
2026-03-10T17:34:21.780+00:00 [FOLLOWING_LINE] FOLLOWING_LINE --ON_INTERSECTION--> FOLLOWING_LINE | intersection handled by navigation policy; vision_live
2026-03-10T17:34:21.801+00:00 [FOLLOWING_LINE] FOLLOWING_LINE --ON_INTERSECTION--> FOLLOWING_LINE | intersection handled by navigation policy; vision_live
2026-03-10T17:34:21.827+00:00 [FOLLOWING_LINE] FOLLOWING_LINE --ON_INTERSECTION--> FOLLOWING_LINE | intersection handled by navigation policy; vision_live
2026-03-10T17:34:54.835+00:00 [VALIDATING_GAP] FOLLOWING_LINE --ON_GAP--> VALIDATING_GAP | possible gap detected; line_gap_suspected
2026-03-10T17:34:54.858+00:00 [FOLLOWING_LINE] VALIDATING_GAP --ON_LINE_FOUND--> FOLLOWING_LINE | false positive gap; vision_live
2026-03-10T17:34:54.901+00:00 [VALIDATING_GAP] FOLLOWING_LINE --ON_GAP--> VALIDATING_GAP | possible gap detected; line_gap_suspected
2026-03-10T17:34:54.937+00:00 [FOLLOWING_LINE] VALIDATING_GAP --ON_LINE_FOUND--> FOLLOWING_LINE | false positive gap; vision_live
2026-03-10T17:39:20.145+00:00 [VALIDATING_GAP] FOLLOWING_LINE --ON_GAP--> VALIDATING_GAP | possible gap detected; line_gap_suspected
2026-03-10T17:39:20.233+00:00 [SEARCHING_LINE] VALIDATING_GAP --ON_LINE_LOST--> SEARCHING_LINE | line not recovered during validation; line_lost_streak
2026-03-10T17:39:20.252+00:00 [SEARCHING_LINE] SEARCHING_LINE --ON_LINE_LOST--> SEARCHING_LINE | still searching for line; line_lost_streak
2026-03-10T17:39:20.268+00:00 [SEARCHING_LINE] SEARCHING_LINE --ON_LINE_LOST--> SEARCHING_LINE | still searching for line; line_lost_streak
2026-03-10T17:39:20.291+00:00 [SEARCHING_LINE] SEARCHING_LINE --ON_LINE_LOST--> SEARCHING_LINE | still searching for line; line_lost_streak
2026-03-10T17:39:20.316+00:00 [SEARCHING_LINE] SEARCHING_LINE --ON_LINE_LOST--> SEARCHING_LINE | still searching for line; line_lost_streak
2026-03-10T17:39:20.344+00:00 [SEARCHING_LINE] SEARCHING_LINE --ON_LINE_LOST--> SEARCHING_LINE | still searching for line; line_lost_streak
2026-03-10T17:39:20.419+00:00 [SEARCHING_LINE] SEARCHING_LINE --ON_LINE_LOST--> SEARCHING_LINE | still searching for line; line_lost_streak
2026-03-10T17:39:20.457+00:00 [SEARCHING_LINE] SEARCHING_LINE --ON_LINE_LOST--> SEARCHING_LINE | still searching for line; line_lost_streak
2026-03-10T17:39:20.479+00:00 [SEARCHING_LINE] SEARCHING_LINE --ON_LINE_LOST--> SEARCHING_LINE | still searching for line; line_lost_streak
2026-03-10T17:39:20.494+00:00 [SEARCHING_LINE] SEARCHING_LINE --ON_LINE_LOST--> SEARCHING_LINE | still searching for line; line_lost_streak
2026-03-10T17:39:20.547+00:00 [SEARCHING_LINE] SEARCHING_LINE --ON_LINE_LOST--> SEARCHING_LINE | still searching for line; line_lost_streak
2026-03-10T17:39:20.571+00:00 [SEARCHING_LINE] SEARCHING_LINE --ON_LINE_LOST--> SEARCHING_LINE | still searching for line; line_lost_streak
2026-03-10T17:39:20.595+00:00 [SEARCHING_LINE] SEARCHING_LINE --ON_LINE_LOST--> SEARCHING_LINE | still searching for line; line_lost_streak
2026-03-10T17:39:20.627+00:00 [SEARCHING_LINE] SEARCHING_LINE --ON_LINE_LOST--> SEARCHING_LINE | still searching for line; line_lost_streak
2026-03-10T17:39:20.663+00:00 [SEARCHING_LINE] SEARCHING_LINE --ON_LINE_LOST--> SEARCHING_LINE | still searching for line; line_lost_streak
2026-03-10T17:39:20.707+00:00 [SEARCHING_LINE] SEARCHING_LINE --ON_LINE_LOST--> SEARCHING_LINE | still searching for line; line_lost_streak
2026-03-10T17:39:20.719+00:00 [SEARCHING_LINE] SEARCHING_LINE --ON_LINE_LOST--> SEARCHING_LINE | still searching for line; line_lost_streak
2026-03-10T17:39:20.739+00:00 [SEARCHING_LINE] SEARCHING_LINE --ON_LINE_LOST--> SEARCHING_LINE | still searching for line; line_lost_streak
2026-03-10T17:39:20.802+00:00 [SEARCHING_LINE] SEARCHING_LINE --ON_LINE_LOST--> SEARCHING_LINE | still searching for line; line_lost_streak
2026-03-10T17:39:20.836+00:00 [SEARCHING_LINE] SEARCHING_LINE --ON_LINE_LOST--> SEARCHING_LINE | still searching for line; line_lost_streak
2026-03-10T17:39:20.880+00:00 [SEARCHING_LINE] SEARCHING_LINE --ON_LINE_LOST--> SEARCHING_LINE | still searching for line; line_lost_streak
2026-03-10T17:39:20.912+00:00 [SEARCHING_LINE] SEARCHING_LINE --ON_LINE_LOST--> SEARCHING_LINE | still searching for line; line_lost_streak
2026-03-10T17:39:20.933+00:00 [SEARCHING_LINE] SEARCHING_LINE --ON_LINE_LOST--> SEARCHING_LINE | still searching for line; line_lost_streak
2026-03-10T17:39:20.974+00:00 [SEARCHING_LINE] SEARCHING_LINE --ON_LINE_LOST--> SEARCHING_LINE | still searching for line; line_lost_streak
2026-03-10T17:39:21.000+00:00 [SEARCHING_LINE] SEARCHING_LINE --ON_LINE_LOST--> SEARCHING_LINE | still searching for line; line_lost_streak
2026-03-10T17:39:21.035+00:00 [SEARCHING_LINE] SEARCHING_LINE --ON_LINE_LOST--> SEARCHING_LINE | still searching for line; line_lost_streak
2026-03-10T17:39:21.064+00:00 [SEARCHING_LINE] SEARCHING_LINE --ON_LINE_LOST--> SEARCHING_LINE | still searching for line; line_lost_streak
2026-03-10T17:39:21.106+00:00 [SEARCHING_LINE] SEARCHING_LINE --ON_LINE_LOST--> SEARCHING_LINE | still searching for line; line_lost_streak
2026-03-10T17:39:21.160+00:00 [SEARCHING_LINE] SEARCHING_LINE --ON_LINE_LOST--> SEARCHING_LINE | still searching for line; line_lost_streak
2026-03-10T17:39:21.175+00:00 [SEARCHING_LINE] SEARCHING_LINE --ON_LINE_LOST--> SEARCHING_LINE | still searching for line; line_lost_streak
2026-03-10T17:39:21.203+00:00 [SEARCHING_LINE] SEARCHING_LINE --ON_LINE_LOST--> SEARCHING_LINE | still searching for line; line_lost_streak
2026-03-10T17:39:21.220+00:00 [SEARCHING_LINE] SEARCHING_LINE --ON_LINE_LOST--> SEARCHING_LINE | still searching for line; line_lost_streak
2026-03-10T17:39:21.245+00:00 [SEARCHING_LINE] SEARCHING_LINE --ON_LINE_LOST--> SEARCHING_LINE | still searching for line; line_lost_streak
2026-03-10T17:39:21.276+00:00 [SEARCHING_LINE] SEARCHING_LINE --ON_LINE_LOST--> SEARCHING_LINE | still searching for line; line_lost_streak
2026-03-10T17:39:21.344+00:00 [SEARCHING_LINE] SEARCHING_LINE --ON_LINE_LOST--> SEARCHING_LINE | still searching for line; line_lost_streak
2026-03-10T17:39:21.368+00:00 [SEARCHING_LINE] SEARCHING_LINE --ON_LINE_LOST--> SEARCHING_LINE | still searching for line; line_lost_streak
2026-03-10T17:39:21.407+00:00 [SEARCHING_LINE] SEARCHING_LINE --ON_LINE_LOST--> SEARCHING_LINE | still searching for line; line_lost_streak
2026-03-10T17:39:21.422+00:00 [SEARCHING_LINE] SEARCHING_LINE --ON_LINE_LOST--> SEARCHING_LINE | still searching for line; line_lost_streak
2026-03-10T17:39:21.469+00:00 [SEARCHING_LINE] SEARCHING_LINE --ON_LINE_LOST--> SEARCHING_LINE | still searching for line; line_lost_streak
2026-03-10T17:39:21.502+00:00 [SEARCHING_LINE] SEARCHING_LINE --ON_LINE_LOST--> SEARCHING_LINE | still searching for line; line_lost_streak
2026-03-10T17:39:21.533+00:00 [SEARCHING_LINE] SEARCHING_LINE --ON_LINE_LOST--> SEARCHING_LINE | still searching for line; line_lost_streak
2026-03-10T17:39:21.570+00:00 [SEARCHING_LINE] SEARCHING_LINE --ON_LINE_LOST--> SEARCHING_LINE | still searching for line; line_lost_streak
2026-03-10T17:39:21.677+00:00 [SEARCHING_LINE] SEARCHING_LINE --ON_LINE_LOST--> SEARCHING_LINE | still searching for line; line_lost_streak
2026-03-10T17:39:21.711+00:00 [SEARCHING_LINE] SEARCHING_LINE --ON_LINE_LOST--> SEARCHING_LINE | still searching for line; line_lost_streak
2026-03-10T17:39:21.749+00:00 [SEARCHING_LINE] SEARCHING_LINE --ON_LINE_LOST--> SEARCHING_LINE | still searching for line; line_lost_streak
2026-03-10T17:39:21.764+00:00 [SEARCHING_LINE] SEARCHING_LINE --ON_LINE_LOST--> SEARCHING_LINE | still searching for line; line_lost_streak
2026-03-10T17:39:21.824+00:00 [SEARCHING_LINE] SEARCHING_LINE --ON_LINE_LOST--> SEARCHING_LINE | still searching for line; line_lost_streak
2026-03-10T17:39:21.840+00:00 [SEARCHING_LINE] SEARCHING_LINE --ON_LINE_LOST--> SEARCHING_LINE | still searching for line; line_lost_streak
2026-03-10T17:39:21.856+00:00 [SEARCHING_LINE] SEARCHING_LINE --ON_LINE_LOST--> SEARCHING_LINE | still searching for line; line_lost_streak
2026-03-10T17:39:21.873+00:00 [SEARCHING_LINE] SEARCHING_LINE --ON_LINE_LOST--> SEARCHING_LINE | still searching for line; line_lost_streak
2026-03-10T17:39:21.908+00:00 [SEARCHING_LINE] SEARCHING_LINE --ON_LINE_LOST--> SEARCHING_LINE | still searching for line; line_lost_streak
2026-03-10T17:39:21.942+00:00 [SEARCHING_LINE] SEARCHING_LINE --ON_LINE_LOST--> SEARCHING_LINE | still searching for line; line_lost_streak
2026-03-10T17:39:21.963+00:00 [SEARCHING_LINE] SEARCHING_LINE --ON_LINE_LOST--> SEARCHING_LINE | still searching for line; line_lost_streak
2026-03-10T17:39:21.999+00:00 [SEARCHING_LINE] SEARCHING_LINE --ON_LINE_LOST--> SEARCHING_LINE | still searching for line; line_lost_streak
2026-03-10T17:39:22.068+00:00 [SEARCHING_LINE] SEARCHING_LINE --ON_LINE_LOST--> SEARCHING_LINE | still searching for line; line_lost_streak
2026-03-10T17:39:22.102+00:00 [SEARCHING_LINE] SEARCHING_LINE --ON_LINE_LOST--> SEARCHING_LINE | still searching for line; line_lost_streak
2026-03-10T17:39:22.137+00:00 [SEARCHING_LINE] SEARCHING_LINE --ON_LINE_LOST--> SEARCHING_LINE | still searching for line; line_lost_streak
2026-03-10T17:39:22.155+00:00 [SEARCHING_LINE] SEARCHING_LINE --ON_LINE_LOST--> SEARCHING_LINE | still searching for line; line_lost_streak
2026-03-10T17:39:22.200+00:00 [SEARCHING_LINE] SEARCHING_LINE --ON_LINE_LOST--> SEARCHING_LINE | still searching for line; line_lost_streak
2026-03-10T17:39:22.222+00:00 [SEARCHING_LINE] SEARCHING_LINE --ON_LINE_LOST--> SEARCHING_LINE | still searching for line; line_lost_streak
2026-03-10T17:39:22.256+00:00 [SEARCHING_LINE] SEARCHING_LINE --ON_LINE_LOST--> SEARCHING_LINE | still searching for line; line_lost_streak
2026-03-10T17:39:22.281+00:00 [SEARCHING_LINE] SEARCHING_LINE --ON_LINE_LOST--> SEARCHING_LINE | still searching for line; line_lost_streak
2026-03-10T17:39:22.326+00:00 [SEARCHING_LINE] SEARCHING_LINE --ON_LINE_LOST--> SEARCHING_LINE | still searching for line; line_lost_streak
2026-03-10T17:39:22.383+00:00 [SEARCHING_LINE] SEARCHING_LINE --ON_LINE_LOST--> SEARCHING_LINE | still searching for line; line_lost_streak
2026-03-10T17:39:22.397+00:00 [SEARCHING_LINE] SEARCHING_LINE --ON_LINE_LOST--> SEARCHING_LINE | still searching for line; line_lost_streak
2026-03-10T17:39:22.414+00:00 [SEARCHING_LINE] SEARCHING_LINE --ON_LINE_LOST--> SEARCHING_LINE | still searching for line; line_lost_streak
2026-03-10T17:39:22.441+00:00 [SEARCHING_LINE] SEARCHING_LINE --ON_LINE_LOST--> SEARCHING_LINE | still searching for line; line_lost_streak
2026-03-10T17:39:22.479+00:00 [SEARCHING_LINE] SEARCHING_LINE --ON_LINE_LOST--> SEARCHING_LINE | still searching for line; line_lost_streak
2026-03-10T17:39:22.550+00:00 [SEARCHING_LINE] SEARCHING_LINE --ON_LINE_LOST--> SEARCHING_LINE | still searching for line; line_lost_streak
2026-03-10T17:39:22.568+00:00 [SEARCHING_LINE] SEARCHING_LINE --ON_LINE_LOST--> SEARCHING_LINE | still searching for line; line_lost_streak
2026-03-10T17:39:22.589+00:00 [SEARCHING_LINE] SEARCHING_LINE --ON_LINE_LOST--> SEARCHING_LINE | still searching for line; line_lost_streak
2026-03-10T17:39:22.609+00:00 [SEARCHING_LINE] SEARCHING_LINE --ON_LINE_LOST--> SEARCHING_LINE | still searching for line; line_lost_streak
2026-03-10T17:39:22.650+00:00 [SEARCHING_LINE] SEARCHING_LINE --ON_LINE_LOST--> SEARCHING_LINE | still searching for line; line_lost_streak
2026-03-10T17:39:22.682+00:00 [SEARCHING_LINE] SEARCHING_LINE --ON_LINE_LOST--> SEARCHING_LINE | still searching for line; line_lost_streak
2026-03-10T17:39:22.721+00:00 [SEARCHING_LINE] SEARCHING_LINE --ON_LINE_LOST--> SEARCHING_LINE | still searching for line; line_lost_streak
2026-03-10T17:39:22.762+00:00 [SEARCHING_LINE] SEARCHING_LINE --ON_LINE_LOST--> SEARCHING_LINE | still searching for line; line_lost_streak
2026-03-10T17:39:22.783+00:00 [SEARCHING_LINE] SEARCHING_LINE --ON_LINE_LOST--> SEARCHING_LINE | still searching for line; line_lost_streak
2026-03-10T17:39:22.816+00:00 [SEARCHING_LINE] SEARCHING_LINE --ON_LINE_LOST--> SEARCHING_LINE | still searching for line; line_lost_streak
2026-03-10T17:39:22.848+00:00 [SEARCHING_LINE] SEARCHING_LINE --ON_LINE_LOST--> SEARCHING_LINE | still searching for line; line_lost_streak
2026-03-10T17:39:22.898+00:00 [SEARCHING_LINE] SEARCHING_LINE --ON_LINE_LOST--> SEARCHING_LINE | still searching for line; line_lost_streak
2026-03-10T17:39:22.917+00:00 [SEARCHING_LINE] SEARCHING_LINE --ON_LINE_LOST--> SEARCHING_LINE | still searching for line; line_lost_streak
2026-03-10T17:39:22.953+00:00 [SEARCHING_LINE] SEARCHING_LINE --ON_LINE_LOST--> SEARCHING_LINE | still searching for line; line_lost_streak
2026-03-10T17:39:22.998+00:00 [SEARCHING_LINE] SEARCHING_LINE --ON_LINE_LOST--> SEARCHING_LINE | still searching for line; line_lost_streak
2026-03-10T17:39:23.022+00:00 [SEARCHING_LINE] SEARCHING_LINE --ON_LINE_LOST--> SEARCHING_LINE | still searching for line; line_lost_streak
2026-03-10T17:39:23.046+00:00 [SEARCHING_LINE] SEARCHING_LINE --ON_LINE_LOST--> SEARCHING_LINE | still searching for line; line_lost_streak
2026-03-10T17:39:23.086+00:00 [SEARCHING_LINE] SEARCHING_LINE --ON_LINE_LOST--> SEARCHING_LINE | still searching for line; line_lost_streak
2026-03-10T17:39:23.112+00:00 [SEARCHING_LINE] SEARCHING_LINE --ON_LINE_LOST--> SEARCHING_LINE | still searching for line; line_lost_streak
2026-03-10T17:39:23.129+00:00 [SEARCHING_LINE] SEARCHING_LINE --ON_LINE_LOST--> SEARCHING_LINE | still searching for line; line_lost_streak
2026-03-10T17:39:23.184+00:00 [SEARCHING_LINE] SEARCHING_LINE --ON_LINE_LOST--> SEARCHING_LINE | still searching for line; line_lost_streak
2026-03-10T17:39:23.222+00:00 [SEARCHING_LINE] SEARCHING_LINE --ON_LINE_LOST--> SEARCHING_LINE | still searching for line; line_lost_streak
2026-03-10T17:39:23.262+00:00 [SEARCHING_LINE] SEARCHING_LINE --ON_LINE_LOST--> SEARCHING_LINE | still searching for line; line_lost_streak
2026-03-10T17:39:23.307+00:00 [SEARCHING_LINE] SEARCHING_LINE --ON_LINE_LOST--> SEARCHING_LINE | still searching for line; line_lost_streak
2026-03-10T17:39:23.333+00:00 [SEARCHING_LINE] SEARCHING_LINE --ON_LINE_LOST--> SEARCHING_LINE | still searching for line; line_lost_streak
2026-03-10T17:39:23.349+00:00 [SEARCHING_LINE] SEARCHING_LINE --ON_LINE_LOST--> SEARCHING_LINE | still searching for line; line_lost_streak
2026-03-10T17:39:23.379+00:00 [SEARCHING_LINE] SEARCHING_LINE --ON_LINE_LOST--> SEARCHING_LINE | still searching for line; line_lost_streak
2026-03-10T17:39:23.412+00:00 [SEARCHING_LINE] SEARCHING_LINE --ON_LINE_LOST--> SEARCHING_LINE | still searching for line; line_lost_streak
2026-03-10T17:39:23.455+00:00 [SEARCHING_LINE] SEARCHING_LINE --ON_LINE_LOST--> SEARCHING_LINE | still searching for line; line_lost_streak
2026-03-10T17:39:23.482+00:00 [SEARCHING_LINE] SEARCHING_LINE --ON_LINE_LOST--> SEARCHING_LINE | still searching for line; line_lost_streak
2026-03-10T17:39:23.523+00:00 [SEARCHING_LINE] SEARCHING_LINE --ON_LINE_LOST--> SEARCHING_LINE | still searching for line; line_lost_streak
2026-03-10T17:39:23.543+00:00 [SEARCHING_LINE] SEARCHING_LINE --ON_LINE_LOST--> SEARCHING_LINE | still searching for line; line_lost_streak
2026-03-10T17:39:23.580+00:00 [SEARCHING_LINE] SEARCHING_LINE --ON_LINE_LOST--> SEARCHING_LINE | still searching for line; line_lost_streak
2026-03-10T17:39:23.634+00:00 [SEARCHING_LINE] SEARCHING_LINE --ON_LINE_LOST--> SEARCHING_LINE | still searching for line; line_lost_streak
2026-03-10T17:39:23.663+00:00 [SEARCHING_LINE] SEARCHING_LINE --ON_LINE_LOST--> SEARCHING_LINE | still searching for line; line_lost_streak
2026-03-10T17:39:23.684+00:00 [SEARCHING_LINE] SEARCHING_LINE --ON_LINE_LOST--> SEARCHING_LINE | still searching for line; line_lost_streak
2026-03-10T17:39:23.715+00:00 [SEARCHING_LINE] SEARCHING_LINE --ON_LINE_LOST--> SEARCHING_LINE | still searching for line; line_lost_streak
2026-03-10T17:39:23.739+00:00 [SEARCHING_LINE] SEARCHING_LINE --ON_LINE_LOST--> SEARCHING_LINE | still searching for line; line_lost_streak
2026-03-10T17:39:23.771+00:00 [SEARCHING_LINE] SEARCHING_LINE --ON_LINE_LOST--> SEARCHING_LINE | still searching for line; line_lost_streak
2026-03-10T17:39:23.806+00:00 [SEARCHING_LINE] SEARCHING_LINE --ON_LINE_LOST--> SEARCHING_LINE | still searching for line; line_lost_streak
2026-03-10T17:39:23.864+00:00 [SEARCHING_LINE] SEARCHING_LINE --ON_LINE_LOST--> SEARCHING_LINE | still searching for line; line_lost_streak
2026-03-10T17:39:23.881+00:00 [SEARCHING_LINE] SEARCHING_LINE --ON_LINE_LOST--> SEARCHING_LINE | still searching for line; line_lost_streak
2026-03-10T17:39:23.897+00:00 [SEARCHING_LINE] SEARCHING_LINE --ON_LINE_LOST--> SEARCHING_LINE | still searching for line; line_lost_streak
2026-03-10T17:39:23.935+00:00 [FOLLOWING_LINE] SEARCHING_LINE --ON_LINE_FOUND--> FOLLOWING_LINE | line detected; vision_live
2026-03-10T17:39:26.082+00:00 [FOLLOWING_LINE] FOLLOWING_LINE --ON_INTERSECTION--> FOLLOWING_LINE | intersection handled by navigation policy; vision_live
2026-03-10T17:39:26.137+00:00 [FOLLOWING_LINE] FOLLOWING_LINE --ON_INTERSECTION--> FOLLOWING_LINE | intersection handled by navigation policy; vision_live
2026-03-10T17:39:26.174+00:00 [FOLLOWING_LINE] FOLLOWING_LINE --ON_INTERSECTION--> FOLLOWING_LINE | intersection handled by navigation policy; vision_live
2026-03-10T17:39:26.201+00:00 [FOLLOWING_LINE] FOLLOWING_LINE --ON_INTERSECTION--> FOLLOWING_LINE | intersection handled by navigation policy; vision_live
2026-03-10T17:39:36.192+00:00 [FOLLOWING_LINE] FOLLOWING_LINE --ON_INTERSECTION--> FOLLOWING_LINE | intersection handled by navigation policy; vision_live
2026-03-10T17:39:36.225+00:00 [FOLLOWING_LINE] FOLLOWING_LINE --ON_INTERSECTION--> FOLLOWING_LINE | intersection handled by navigation policy; vision_live
2026-03-10T17:40:36.546+00:00 [RESCUE_ZONE_DETECTED] FOLLOWING_LINE --ON_RESCUE_RED_DETECTED--> RESCUE_ZONE_DETECTED | rescue zone red marker detected; vision_live
2026-03-10T17:40:36.796+00:00 [RESCUE_ZONE_DETECTED] RESCUE_ZONE_DETECTED --ON_RESCUE_RED_DETECTED--> RESCUE_ZONE_DETECTED | rescue marker confirmation; vision_live
2026-03-10T17:40:37.276+00:00 [RESCUE_ZONE_DETECTED] RESCUE_ZONE_DETECTED --ON_LINE_LOST--> RESCUE_ZONE_DETECTED | continue rescue-zone behavior; line_lost_streak
2026-03-10T17:40:37.419+00:00 [RESCUE_ZONE_DETECTED] RESCUE_ZONE_DETECTED --ON_LINE_LOST--> RESCUE_ZONE_DETECTED | continue rescue-zone behavior; line_lost_streak
2026-03-10T17:40:37.642+00:00 [RESCUE_ZONE_DETECTED] RESCUE_ZONE_DETECTED --ON_LINE_LOST--> RESCUE_ZONE_DETECTED | continue rescue-zone behavior; line_lost_streak
2026-03-10T17:40:37.813+00:00 [RESCUE_ZONE_DETECTED] RESCUE_ZONE_DETECTED --ON_LINE_LOST--> RESCUE_ZONE_DETECTED | continue rescue-zone behavior; line_lost_streak
2026-03-10T17:40:38.009+00:00 [RESCUE_ZONE_DETECTED] RESCUE_ZONE_DETECTED --ON_LINE_LOST--> RESCUE_ZONE_DETECTED | continue rescue-zone behavior; line_lost_streak
2026-03-10T17:40:38.184+00:00 [RESCUE_ZONE_DETECTED] RESCUE_ZONE_DETECTED --ON_LINE_LOST--> RESCUE_ZONE_DETECTED | continue rescue-zone behavior; line_lost_streak
2026-03-10T17:40:38.373+00:00 [RESCUE_ZONE_DETECTED] RESCUE_ZONE_DETECTED --ON_LINE_LOST--> RESCUE_ZONE_DETECTED | continue rescue-zone behavior; line_lost_streak
2026-03-10T17:40:38.532+00:00 [RESCUE_ZONE_DETECTED] RESCUE_ZONE_DETECTED --ON_LINE_LOST--> RESCUE_ZONE_DETECTED | continue rescue-zone behavior; line_lost_streak
2026-03-10T17:40:38.700+00:00 [VICTIM_FOUND] RESCUE_ZONE_DETECTED --ON_VICTIM_DETECTED--> VICTIM_FOUND | victim detected in rescue zone; vision_live
2026-03-10T17:40:38.892+00:00 [SEARCHING_LINE] VICTIM_FOUND --ON_LINE_LOST--> SEARCHING_LINE | victim routine complete; line lost; line_lost_streak
2026-03-10T17:40:38.922+00:00 [FOLLOWING_LINE] SEARCHING_LINE --ON_LINE_FOUND--> FOLLOWING_LINE | line detected; vision_live
2026-03-10T17:41:14.155+00:00 [FOLLOWING_LINE] FOLLOWING_LINE --ON_INTERSECTION--> FOLLOWING_LINE | intersection handled by navigation policy; vision_live
2026-03-10T17:41:14.189+00:00 [FOLLOWING_LINE] FOLLOWING_LINE --ON_INTERSECTION--> FOLLOWING_LINE | intersection handled by navigation policy; vision_live
2026-03-10T17:41:14.231+00:00 [FOLLOWING_LINE] FOLLOWING_LINE --ON_INTERSECTION--> FOLLOWING_LINE | intersection handled by navigation policy; vision_live
2026-03-10T17:41:14.289+00:00 [FOLLOWING_LINE] FOLLOWING_LINE --ON_INTERSECTION--> FOLLOWING_LINE | intersection handled by navigation policy; vision_live
2026-03-10T17:41:14.315+00:00 [FOLLOWING_LINE] FOLLOWING_LINE --ON_INTERSECTION--> FOLLOWING_LINE | intersection handled by navigation policy; vision_live
2026-03-10T17:41:14.353+00:00 [FOLLOWING_LINE] FOLLOWING_LINE --ON_INTERSECTION--> FOLLOWING_LINE | intersection handled by navigation policy; vision_live
2026-03-10T17:41:14.389+00:00 [FOLLOWING_LINE] FOLLOWING_LINE --ON_INTERSECTION--> FOLLOWING_LINE | intersection handled by navigation policy; vision_live
2026-03-10T17:41:14.434+00:00 [FOLLOWING_LINE] FOLLOWING_LINE --ON_INTERSECTION--> FOLLOWING_LINE | intersection handled by navigation policy; vision_live
2026-03-10T17:41:14.457+00:00 [FOLLOWING_LINE] FOLLOWING_LINE --ON_INTERSECTION--> FOLLOWING_LINE | intersection handled by navigation policy; vision_live
2026-03-10T17:41:14.495+00:00 [FOLLOWING_LINE] FOLLOWING_LINE --ON_INTERSECTION--> FOLLOWING_LINE | intersection handled by navigation policy; vision_live
2026-03-10T17:41:14.518+00:00 [FOLLOWING_LINE] FOLLOWING_LINE --ON_INTERSECTION--> FOLLOWING_LINE | intersection handled by navigation policy; vision_live
2026-03-10T17:41:14.560+00:00 [FOLLOWING_LINE] FOLLOWING_LINE --ON_INTERSECTION--> FOLLOWING_LINE | intersection handled by navigation policy; vision_live
2026-03-10T17:41:14.599+00:00 [FOLLOWING_LINE] FOLLOWING_LINE --ON_INTERSECTION--> FOLLOWING_LINE | intersection handled by navigation policy; vision_live
2026-03-10T17:41:14.638+00:00 [FOLLOWING_LINE] FOLLOWING_LINE --ON_INTERSECTION--> FOLLOWING_LINE | intersection handled by navigation policy; vision_live
2026-03-10T17:41:14.666+00:00 [FOLLOWING_LINE] FOLLOWING_LINE --ON_INTERSECTION--> FOLLOWING_LINE | intersection handled by navigation policy; vision_live
2026-03-10T17:41:14.695+00:00 [FOLLOWING_LINE] FOLLOWING_LINE --ON_INTERSECTION--> FOLLOWING_LINE | intersection handled by navigation policy; vision_live
2026-03-10T17:41:14.724+00:00 [FOLLOWING_LINE] FOLLOWING_LINE --ON_INTERSECTION--> FOLLOWING_LINE | intersection handled by navigation policy; vision_live
2026-03-10T17:41:14.773+00:00 [FOLLOWING_LINE] FOLLOWING_LINE --ON_INTERSECTION--> FOLLOWING_LINE | intersection handled by navigation policy; vision_live
2026-03-10T17:41:14.792+00:00 [FOLLOWING_LINE] FOLLOWING_LINE --ON_INTERSECTION--> FOLLOWING_LINE | intersection handled by navigation policy; vision_live
2026-03-10T17:41:14.839+00:00 [FOLLOWING_LINE] FOLLOWING_LINE --ON_INTERSECTION--> FOLLOWING_LINE | intersection handled by navigation policy; vision_live
2026-03-10T17:41:14.891+00:00 [FOLLOWING_LINE] FOLLOWING_LINE --ON_INTERSECTION--> FOLLOWING_LINE | intersection handled by navigation policy; vision_live
2026-03-10T17:41:14.925+00:00 [FOLLOWING_LINE] FOLLOWING_LINE --ON_INTERSECTION--> FOLLOWING_LINE | intersection handled by navigation policy; vision_live
2026-03-10T17:41:14.949+00:00 [FOLLOWING_LINE] FOLLOWING_LINE --ON_INTERSECTION--> FOLLOWING_LINE | intersection handled by navigation policy; vision_live
2026-03-10T17:41:14.989+00:00 [FOLLOWING_LINE] FOLLOWING_LINE --ON_INTERSECTION--> FOLLOWING_LINE | intersection handled by navigation policy; vision_live
2026-03-10T17:41:15.018+00:00 [FOLLOWING_LINE] FOLLOWING_LINE --ON_INTERSECTION--> FOLLOWING_LINE | intersection handled by navigation policy; vision_live
2026-03-10T17:41:15.072+00:00 [FOLLOWING_LINE] FOLLOWING_LINE --ON_INTERSECTION--> FOLLOWING_LINE | intersection handled by navigation policy; vision_live
2026-03-10T17:41:15.095+00:00 [FOLLOWING_LINE] FOLLOWING_LINE --ON_INTERSECTION--> FOLLOWING_LINE | intersection handled by navigation policy; vision_live
2026-03-10T17:41:15.120+00:00 [FOLLOWING_LINE] FOLLOWING_LINE --ON_INTERSECTION--> FOLLOWING_LINE | intersection handled by navigation policy; vision_live
2026-03-10T17:41:15.147+00:00 [FOLLOWING_LINE] FOLLOWING_LINE --ON_INTERSECTION--> FOLLOWING_LINE | intersection handled by navigation policy; vision_live
2026-03-10T17:41:15.200+00:00 [FOLLOWING_LINE] FOLLOWING_LINE --ON_INTERSECTION--> FOLLOWING_LINE | intersection handled by navigation policy; vision_live
2026-03-10T17:41:15.220+00:00 [FOLLOWING_LINE] FOLLOWING_LINE --ON_INTERSECTION--> FOLLOWING_LINE | intersection handled by navigation policy; vision_live
2026-03-10T17:41:15.259+00:00 [FOLLOWING_LINE] FOLLOWING_LINE --ON_INTERSECTION--> FOLLOWING_LINE | intersection handled by navigation policy; vision_live
2026-03-10T17:41:15.283+00:00 [FOLLOWING_LINE] FOLLOWING_LINE --ON_INTERSECTION--> FOLLOWING_LINE | intersection handled by navigation policy; vision_live
2026-03-10T17:41:15.340+00:00 [FOLLOWING_LINE] FOLLOWING_LINE --ON_INTERSECTION--> FOLLOWING_LINE | intersection handled by navigation policy; vision_live
2026-03-10T17:41:15.361+00:00 [FOLLOWING_LINE] FOLLOWING_LINE --ON_INTERSECTION--> FOLLOWING_LINE | intersection handled by navigation policy; vision_live
2026-03-10T17:41:15.388+00:00 [FOLLOWING_LINE] FOLLOWING_LINE --ON_INTERSECTION--> FOLLOWING_LINE | intersection handled by navigation policy; vision_live
2026-03-10T17:41:15.426+00:00 [FOLLOWING_LINE] FOLLOWING_LINE --ON_INTERSECTION--> FOLLOWING_LINE | intersection handled by navigation policy; vision_live
2026-03-10T17:41:15.459+00:00 [FOLLOWING_LINE] FOLLOWING_LINE --ON_INTERSECTION--> FOLLOWING_LINE | intersection handled by navigation policy; vision_live
2026-03-10T17:41:15.514+00:00 [FOLLOWING_LINE] FOLLOWING_LINE --ON_INTERSECTION--> FOLLOWING_LINE | intersection handled by navigation policy; vision_live
2026-03-10T17:41:15.538+00:00 [FOLLOWING_LINE] FOLLOWING_LINE --ON_INTERSECTION--> FOLLOWING_LINE | intersection handled by navigation policy; vision_live
2026-03-10T17:41:15.584+00:00 [FOLLOWING_LINE] FOLLOWING_LINE --ON_INTERSECTION--> FOLLOWING_LINE | intersection handled by navigation policy; vision_live
2026-03-10T17:41:15.613+00:00 [FOLLOWING_LINE] FOLLOWING_LINE --ON_INTERSECTION--> FOLLOWING_LINE | intersection handled by navigation policy; vision_live
2026-03-10T17:41:15.636+00:00 [FOLLOWING_LINE] FOLLOWING_LINE --ON_INTERSECTION--> FOLLOWING_LINE | intersection handled by navigation policy; vision_live
2026-03-10T17:41:15.672+00:00 [FOLLOWING_LINE] FOLLOWING_LINE --ON_INTERSECTION--> FOLLOWING_LINE | intersection handled by navigation policy; vision_live
2026-03-10T17:41:15.728+00:00 [FOLLOWING_LINE] FOLLOWING_LINE --ON_INTERSECTION--> FOLLOWING_LINE | intersection handled by navigation policy; vision_live
2026-03-10T17:41:15.751+00:00 [FOLLOWING_LINE] FOLLOWING_LINE --ON_INTERSECTION--> FOLLOWING_LINE | intersection handled by navigation policy; vision_live
2026-03-10T17:41:15.773+00:00 [FOLLOWING_LINE] FOLLOWING_LINE --ON_INTERSECTION--> FOLLOWING_LINE | intersection handled by navigation policy; vision_live
2026-03-10T17:41:15.820+00:00 [FOLLOWING_LINE] FOLLOWING_LINE --ON_INTERSECTION--> FOLLOWING_LINE | intersection handled by navigation policy; vision_live
2026-03-10T17:41:15.872+00:00 [FOLLOWING_LINE] FOLLOWING_LINE --ON_INTERSECTION--> FOLLOWING_LINE | intersection handled by navigation policy; vision_live
2026-03-10T17:41:15.901+00:00 [FOLLOWING_LINE] FOLLOWING_LINE --ON_INTERSECTION--> FOLLOWING_LINE | intersection handled by navigation policy; vision_live
2026-03-10T17:41:15.921+00:00 [FOLLOWING_LINE] FOLLOWING_LINE --ON_INTERSECTION--> FOLLOWING_LINE | intersection handled by navigation policy; vision_live
2026-03-10T17:41:15.979+00:00 [FOLLOWING_LINE] FOLLOWING_LINE --ON_INTERSECTION--> FOLLOWING_LINE | intersection handled by navigation policy; vision_live
2026-03-10T17:41:15.999+00:00 [FOLLOWING_LINE] FOLLOWING_LINE --ON_INTERSECTION--> FOLLOWING_LINE | intersection handled by navigation policy; vision_live
2026-03-10T17:41:16.042+00:00 [FOLLOWING_LINE] FOLLOWING_LINE --ON_INTERSECTION--> FOLLOWING_LINE | intersection handled by navigation policy; vision_live
2026-03-10T17:41:16.058+00:00 [FOLLOWING_LINE] FOLLOWING_LINE --ON_INTERSECTION--> FOLLOWING_LINE | intersection handled by navigation policy; vision_live
2026-03-10T17:41:16.104+00:00 [FOLLOWING_LINE] FOLLOWING_LINE --ON_INTERSECTION--> FOLLOWING_LINE | intersection handled by navigation policy; vision_live
2026-03-10T17:41:16.132+00:00 [FOLLOWING_LINE] FOLLOWING_LINE --ON_INTERSECTION--> FOLLOWING_LINE | intersection handled by navigation policy; vision_live
2026-03-10T17:41:16.167+00:00 [FOLLOWING_LINE] FOLLOWING_LINE --ON_INTERSECTION--> FOLLOWING_LINE | intersection handled by navigation policy; vision_live
2026-03-10T17:41:16.211+00:00 [FOLLOWING_LINE] FOLLOWING_LINE --ON_INTERSECTION--> FOLLOWING_LINE | intersection handled by navigation policy; vision_live
2026-03-10T17:41:16.258+00:00 [FOLLOWING_LINE] FOLLOWING_LINE --ON_INTERSECTION--> FOLLOWING_LINE | intersection handled by navigation policy; vision_live
2026-03-10T17:41:16.277+00:00 [FOLLOWING_LINE] FOLLOWING_LINE --ON_INTERSECTION--> FOLLOWING_LINE | intersection handled by navigation policy; vision_live
2026-03-10T17:41:16.325+00:00 [FOLLOWING_LINE] FOLLOWING_LINE --ON_INTERSECTION--> FOLLOWING_LINE | intersection handled by navigation policy; vision_live
2026-03-10T17:41:16.355+00:00 [FOLLOWING_LINE] FOLLOWING_LINE --ON_INTERSECTION--> FOLLOWING_LINE | intersection handled by navigation policy; vision_live
2026-03-10T17:41:16.394+00:00 [FOLLOWING_LINE] FOLLOWING_LINE --ON_INTERSECTION--> FOLLOWING_LINE | intersection handled by navigation policy; vision_live
2026-03-10T17:41:16.427+00:00 [FOLLOWING_LINE] FOLLOWING_LINE --ON_INTERSECTION--> FOLLOWING_LINE | intersection handled by navigation policy; vision_live
2026-03-10T17:41:16.450+00:00 [FOLLOWING_LINE] FOLLOWING_LINE --ON_INTERSECTION--> FOLLOWING_LINE | intersection handled by navigation policy; vision_live
2026-03-10T17:41:16.474+00:00 [FOLLOWING_LINE] FOLLOWING_LINE --ON_INTERSECTION--> FOLLOWING_LINE | intersection handled by navigation policy; vision_live
2026-03-10T17:41:16.509+00:00 [FOLLOWING_LINE] FOLLOWING_LINE --ON_INTERSECTION--> FOLLOWING_LINE | intersection handled by navigation policy; vision_live
2026-03-10T17:41:16.554+00:00 [FOLLOWING_LINE] FOLLOWING_LINE --ON_INTERSECTION--> FOLLOWING_LINE | intersection handled by navigation policy; vision_live
2026-03-10T17:41:16.589+00:00 [FOLLOWING_LINE] FOLLOWING_LINE --ON_INTERSECTION--> FOLLOWING_LINE | intersection handled by navigation policy; vision_live
2026-03-10T17:41:16.610+00:00 [FOLLOWING_LINE] FOLLOWING_LINE --ON_INTERSECTION--> FOLLOWING_LINE | intersection handled by navigation policy; vision_live
2026-03-10T17:41:16.640+00:00 [FOLLOWING_LINE] FOLLOWING_LINE --ON_INTERSECTION--> FOLLOWING_LINE | intersection handled by navigation policy; vision_live
2026-03-10T17:41:16.692+00:00 [FOLLOWING_LINE] FOLLOWING_LINE --ON_INTERSECTION--> FOLLOWING_LINE | intersection handled by navigation policy; vision_live
2026-03-10T17:41:16.728+00:00 [FOLLOWING_LINE] FOLLOWING_LINE --ON_INTERSECTION--> FOLLOWING_LINE | intersection handled by navigation policy; vision_live
2026-03-10T17:41:16.748+00:00 [FOLLOWING_LINE] FOLLOWING_LINE --ON_INTERSECTION--> FOLLOWING_LINE | intersection handled by navigation policy; vision_live
2026-03-10T17:41:16.788+00:00 [FOLLOWING_LINE] FOLLOWING_LINE --ON_INTERSECTION--> FOLLOWING_LINE | intersection handled by navigation policy; vision_live
2026-03-10T17:41:16.821+00:00 [FOLLOWING_LINE] FOLLOWING_LINE --ON_INTERSECTION--> FOLLOWING_LINE | intersection handled by navigation policy; vision_live
2026-03-10T17:41:16.851+00:00 [FOLLOWING_LINE] FOLLOWING_LINE --ON_INTERSECTION--> FOLLOWING_LINE | intersection handled by navigation policy; vision_live
2026-03-10T17:41:16.903+00:00 [FOLLOWING_LINE] FOLLOWING_LINE --ON_INTERSECTION--> FOLLOWING_LINE | intersection handled by navigation policy; vision_live
2026-03-10T17:41:16.935+00:00 [FOLLOWING_LINE] FOLLOWING_LINE --ON_INTERSECTION--> FOLLOWING_LINE | intersection handled by navigation policy; vision_live
2026-03-10T17:41:16.958+00:00 [FOLLOWING_LINE] FOLLOWING_LINE --ON_INTERSECTION--> FOLLOWING_LINE | intersection handled by navigation policy; vision_live
2026-03-10T17:41:16.985+00:00 [FOLLOWING_LINE] FOLLOWING_LINE --ON_INTERSECTION--> FOLLOWING_LINE | intersection handled by navigation policy; vision_live
2026-03-10T17:41:17.011+00:00 [FOLLOWING_LINE] FOLLOWING_LINE --ON_INTERSECTION--> FOLLOWING_LINE | intersection handled by navigation policy; vision_live
2026-03-10T17:41:17.074+00:00 [FOLLOWING_LINE] FOLLOWING_LINE --ON_INTERSECTION--> FOLLOWING_LINE | intersection handled by navigation policy; vision_live
2026-03-10T17:41:17.097+00:00 [FOLLOWING_LINE] FOLLOWING_LINE --ON_INTERSECTION--> FOLLOWING_LINE | intersection handled by navigation policy; vision_live
2026-03-10T17:41:17.121+00:00 [FOLLOWING_LINE] FOLLOWING_LINE --ON_INTERSECTION--> FOLLOWING_LINE | intersection handled by navigation policy; vision_live
2026-03-10T17:41:17.144+00:00 [FOLLOWING_LINE] FOLLOWING_LINE --ON_INTERSECTION--> FOLLOWING_LINE | intersection handled by navigation policy; vision_live
2026-03-10T17:41:17.181+00:00 [FOLLOWING_LINE] FOLLOWING_LINE --ON_INTERSECTION--> FOLLOWING_LINE | intersection handled by navigation policy; vision_live
2026-03-10T17:41:17.210+00:00 [FOLLOWING_LINE] FOLLOWING_LINE --ON_INTERSECTION--> FOLLOWING_LINE | intersection handled by navigation policy; vision_live
2026-03-10T17:41:17.279+00:00 [FOLLOWING_LINE] FOLLOWING_LINE --ON_INTERSECTION--> FOLLOWING_LINE | intersection handled by navigation policy; vision_live
2026-03-10T17:41:17.303+00:00 [FOLLOWING_LINE] FOLLOWING_LINE --ON_INTERSECTION--> FOLLOWING_LINE | intersection handled by navigation policy; vision_live
2026-03-10T17:41:17.324+00:00 [FOLLOWING_LINE] FOLLOWING_LINE --ON_INTERSECTION--> FOLLOWING_LINE | intersection handled by navigation policy; vision_live
2026-03-10T17:41:17.345+00:00 [FOLLOWING_LINE] FOLLOWING_LINE --ON_INTERSECTION--> FOLLOWING_LINE | intersection handled by navigation policy; vision_live
2026-03-10T17:41:17.388+00:00 [FOLLOWING_LINE] FOLLOWING_LINE --ON_INTERSECTION--> FOLLOWING_LINE | intersection handled by navigation policy; vision_live
2026-03-10T17:41:17.415+00:00 [FOLLOWING_LINE] FOLLOWING_LINE --ON_INTERSECTION--> FOLLOWING_LINE | intersection handled by navigation policy; vision_live
2026-03-10T17:41:17.444+00:00 [FOLLOWING_LINE] FOLLOWING_LINE --ON_INTERSECTION--> FOLLOWING_LINE | intersection handled by navigation policy; vision_live
2026-03-10T17:41:17.477+00:00 [FOLLOWING_LINE] FOLLOWING_LINE --ON_INTERSECTION--> FOLLOWING_LINE | intersection handled by navigation policy; vision_live
2026-03-10T17:41:17.511+00:00 [FOLLOWING_LINE] FOLLOWING_LINE --ON_INTERSECTION--> FOLLOWING_LINE | intersection handled by navigation policy; vision_live
2026-03-10T17:41:17.542+00:00 [FOLLOWING_LINE] FOLLOWING_LINE --ON_INTERSECTION--> FOLLOWING_LINE | intersection handled by navigation policy; vision_live
2026-03-10T17:41:17.577+00:00 [FOLLOWING_LINE] FOLLOWING_LINE --ON_INTERSECTION--> FOLLOWING_LINE | intersection handled by navigation policy; vision_live
2026-03-10T17:41:17.602+00:00 [FOLLOWING_LINE] FOLLOWING_LINE --ON_INTERSECTION--> FOLLOWING_LINE | intersection handled by navigation policy; vision_live
2026-03-10T17:41:17.642+00:00 [FOLLOWING_LINE] FOLLOWING_LINE --ON_INTERSECTION--> FOLLOWING_LINE | intersection handled by navigation policy; vision_live
2026-03-10T17:41:17.672+00:00 [FOLLOWING_LINE] FOLLOWING_LINE --ON_INTERSECTION--> FOLLOWING_LINE | intersection handled by navigation policy; vision_live
2026-03-10T17:41:17.710+00:00 [FOLLOWING_LINE] FOLLOWING_LINE --ON_INTERSECTION--> FOLLOWING_LINE | intersection handled by navigation policy; vision_live
2026-03-10T17:41:17.755+00:00 [FOLLOWING_LINE] FOLLOWING_LINE --ON_INTERSECTION--> FOLLOWING_LINE | intersection handled by navigation policy; vision_live
2026-03-10T17:41:17.792+00:00 [FOLLOWING_LINE] FOLLOWING_LINE --ON_INTERSECTION--> FOLLOWING_LINE | intersection handled by navigation policy; vision_live
2026-03-10T17:41:17.812+00:00 [FOLLOWING_LINE] FOLLOWING_LINE --ON_INTERSECTION--> FOLLOWING_LINE | intersection handled by navigation policy; vision_live
2026-03-10T17:41:17.857+00:00 [FOLLOWING_LINE] FOLLOWING_LINE --ON_INTERSECTION--> FOLLOWING_LINE | intersection handled by navigation policy; vision_live
2026-03-10T17:41:17.898+00:00 [FOLLOWING_LINE] FOLLOWING_LINE --ON_INTERSECTION--> FOLLOWING_LINE | intersection handled by navigation policy; vision_live
2026-03-10T17:41:17.934+00:00 [FOLLOWING_LINE] FOLLOWING_LINE --ON_INTERSECTION--> FOLLOWING_LINE | intersection handled by navigation policy; vision_live
2026-03-10T17:41:17.956+00:00 [FOLLOWING_LINE] FOLLOWING_LINE --ON_INTERSECTION--> FOLLOWING_LINE | intersection handled by navigation policy; vision_live
2026-03-10T17:41:17.983+00:00 [FOLLOWING_LINE] FOLLOWING_LINE --ON_INTERSECTION--> FOLLOWING_LINE | intersection handled by navigation policy; vision_live
2026-03-10T17:41:18.011+00:00 [FOLLOWING_LINE] FOLLOWING_LINE --ON_INTERSECTION--> FOLLOWING_LINE | intersection handled by navigation policy; vision_live
2026-03-10T17:41:18.046+00:00 [FOLLOWING_LINE] FOLLOWING_LINE --ON_INTERSECTION--> FOLLOWING_LINE | intersection handled by navigation policy; vision_live
2026-03-10T17:41:18.072+00:00 [FOLLOWING_LINE] FOLLOWING_LINE --ON_INTERSECTION--> FOLLOWING_LINE | intersection handled by navigation policy; vision_live
2026-03-10T17:41:18.124+00:00 [FOLLOWING_LINE] FOLLOWING_LINE --ON_INTERSECTION--> FOLLOWING_LINE | intersection handled by navigation policy; vision_live
2026-03-10T17:41:18.157+00:00 [FOLLOWING_LINE] FOLLOWING_LINE --ON_INTERSECTION--> FOLLOWING_LINE | intersection handled by navigation policy; vision_live
2026-03-10T17:41:18.186+00:00 [FOLLOWING_LINE] FOLLOWING_LINE --ON_INTERSECTION--> FOLLOWING_LINE | intersection handled by navigation policy; vision_live
2026-03-10T17:41:18.217+00:00 [FOLLOWING_LINE] FOLLOWING_LINE --ON_INTERSECTION--> FOLLOWING_LINE | intersection handled by navigation policy; vision_live
2026-03-10T17:41:18.261+00:00 [FOLLOWING_LINE] FOLLOWING_LINE --ON_INTERSECTION--> FOLLOWING_LINE | intersection handled by navigation policy; vision_live
2026-03-10T17:41:18.284+00:00 [FOLLOWING_LINE] FOLLOWING_LINE --ON_INTERSECTION--> FOLLOWING_LINE | intersection handled by navigation policy; vision_live
2026-03-10T17:41:18.321+00:00 [FOLLOWING_LINE] FOLLOWING_LINE --ON_INTERSECTION--> FOLLOWING_LINE | intersection handled by navigation policy; vision_live
2026-03-10T17:41:18.368+00:00 [FOLLOWING_LINE] FOLLOWING_LINE --ON_INTERSECTION--> FOLLOWING_LINE | intersection handled by navigation policy; vision_live
2026-03-10T17:41:18.393+00:00 [FOLLOWING_LINE] FOLLOWING_LINE --ON_INTERSECTION--> FOLLOWING_LINE | intersection handled by navigation policy; vision_live
2026-03-10T17:41:18.424+00:00 [FOLLOWING_LINE] FOLLOWING_LINE --ON_INTERSECTION--> FOLLOWING_LINE | intersection handled by navigation policy; vision_live
2026-03-10T17:41:18.481+00:00 [FOLLOWING_LINE] FOLLOWING_LINE --ON_INTERSECTION--> FOLLOWING_LINE | intersection handled by navigation policy; vision_live
2026-03-10T17:41:18.502+00:00 [FOLLOWING_LINE] FOLLOWING_LINE --ON_INTERSECTION--> FOLLOWING_LINE | intersection handled by navigation policy; vision_live
2026-03-10T17:41:18.541+00:00 [FOLLOWING_LINE] FOLLOWING_LINE --ON_INTERSECTION--> FOLLOWING_LINE | intersection handled by navigation policy; vision_live
2026-03-10T17:41:18.572+00:00 [FOLLOWING_LINE] FOLLOWING_LINE --ON_INTERSECTION--> FOLLOWING_LINE | intersection handled by navigation policy; vision_live
2026-03-10T17:41:18.594+00:00 [FOLLOWING_LINE] FOLLOWING_LINE --ON_INTERSECTION--> FOLLOWING_LINE | intersection handled by navigation policy; vision_live
2026-03-10T17:41:18.616+00:00 [FOLLOWING_LINE] FOLLOWING_LINE --ON_INTERSECTION--> FOLLOWING_LINE | intersection handled by navigation policy; vision_live
2026-03-10T17:41:18.653+00:00 [FOLLOWING_LINE] FOLLOWING_LINE --ON_INTERSECTION--> FOLLOWING_LINE | intersection handled by navigation policy; vision_live
2026-03-10T17:41:18.682+00:00 [FOLLOWING_LINE] FOLLOWING_LINE --ON_INTERSECTION--> FOLLOWING_LINE | intersection handled by navigation policy; vision_live
2026-03-10T17:41:18.729+00:00 [FOLLOWING_LINE] FOLLOWING_LINE --ON_INTERSECTION--> FOLLOWING_LINE | intersection handled by navigation policy; vision_live
2026-03-10T17:41:18.757+00:00 [FOLLOWING_LINE] FOLLOWING_LINE --ON_INTERSECTION--> FOLLOWING_LINE | intersection handled by navigation policy; vision_live
2026-03-10T17:41:18.786+00:00 [FOLLOWING_LINE] FOLLOWING_LINE --ON_INTERSECTION--> FOLLOWING_LINE | intersection handled by navigation policy; vision_live
2026-03-10T17:41:18.830+00:00 [FOLLOWING_LINE] FOLLOWING_LINE --ON_INTERSECTION--> FOLLOWING_LINE | intersection handled by navigation policy; vision_live
2026-03-10T17:41:18.893+00:00 [FOLLOWING_LINE] FOLLOWING_LINE --ON_INTERSECTION--> FOLLOWING_LINE | intersection handled by navigation policy; vision_live
2026-03-10T17:41:18.919+00:00 [FOLLOWING_LINE] FOLLOWING_LINE --ON_INTERSECTION--> FOLLOWING_LINE | intersection handled by navigation policy; vision_live
2026-03-10T17:41:18.947+00:00 [FOLLOWING_LINE] FOLLOWING_LINE --ON_INTERSECTION--> FOLLOWING_LINE | intersection handled by navigation policy; vision_live
2026-03-10T17:41:18.970+00:00 [FOLLOWING_LINE] FOLLOWING_LINE --ON_INTERSECTION--> FOLLOWING_LINE | intersection handled by navigation policy; vision_live
2026-03-10T17:41:19.003+00:00 [FOLLOWING_LINE] FOLLOWING_LINE --ON_INTERSECTION--> FOLLOWING_LINE | intersection handled by navigation policy; vision_live
2026-03-10T17:41:19.056+00:00 [FOLLOWING_LINE] FOLLOWING_LINE --ON_INTERSECTION--> FOLLOWING_LINE | intersection handled by navigation policy; vision_live
2026-03-10T17:41:19.552+00:00 [FOLLOWING_LINE] FOLLOWING_LINE --ON_INTERSECTION--> FOLLOWING_LINE | intersection handled by navigation policy; vision_live
2026-03-10T17:41:19.967+00:00 [FOLLOWING_LINE] FOLLOWING_LINE --ON_INTERSECTION--> FOLLOWING_LINE | intersection handled by navigation policy; vision_live
2026-03-10T17:41:19.997+00:00 [FOLLOWING_LINE] FOLLOWING_LINE --ON_INTERSECTION--> FOLLOWING_LINE | intersection handled by navigation policy; vision_live
2026-03-10T17:41:20.036+00:00 [FOLLOWING_LINE] FOLLOWING_LINE --ON_INTERSECTION--> FOLLOWING_LINE | intersection handled by navigation policy; vision_live
2026-03-10T17:41:20.063+00:00 [FOLLOWING_LINE] FOLLOWING_LINE --ON_INTERSECTION--> FOLLOWING_LINE | intersection handled by navigation policy; vision_live
2026-03-10T17:41:20.116+00:00 [FOLLOWING_LINE] FOLLOWING_LINE --ON_INTERSECTION--> FOLLOWING_LINE | intersection handled by navigation policy; vision_live
2026-03-10T17:41:20.139+00:00 [FOLLOWING_LINE] FOLLOWING_LINE --ON_INTERSECTION--> FOLLOWING_LINE | intersection handled by navigation policy; vision_live
2026-03-10T17:41:20.170+00:00 [FOLLOWING_LINE] FOLLOWING_LINE --ON_INTERSECTION--> FOLLOWING_LINE | intersection handled by navigation policy; vision_live
2026-03-10T17:41:20.193+00:00 [FOLLOWING_LINE] FOLLOWING_LINE --ON_INTERSECTION--> FOLLOWING_LINE | intersection handled by navigation policy; vision_live
2026-03-10T17:41:20.219+00:00 [FOLLOWING_LINE] FOLLOWING_LINE --ON_INTERSECTION--> FOLLOWING_LINE | intersection handled by navigation policy; vision_live
2026-03-10T17:41:20.306+00:00 [RESCUE_ZONE_DETECTED] FOLLOWING_LINE --ON_RESCUE_RED_DETECTED--> RESCUE_ZONE_DETECTED | rescue zone red marker detected; vision_live
2026-03-10T17:41:20.457+00:00 [VICTIM_FOUND] RESCUE_ZONE_DETECTED --ON_VICTIM_DETECTED--> VICTIM_FOUND | victim detected in rescue zone; vision_live
2026-03-10T17:41:20.845+00:00 [SEARCHING_LINE] VICTIM_FOUND --ON_LINE_LOST--> SEARCHING_LINE | victim routine complete; line lost; line_lost_streak
2026-03-10T17:41:20.958+00:00 [SEARCHING_LINE] SEARCHING_LINE --ON_LINE_LOST--> SEARCHING_LINE | still searching for line; line_lost_streak
2026-03-10T17:41:20.975+00:00 [FOLLOWING_LINE] SEARCHING_LINE --ON_LINE_FOUND--> FOLLOWING_LINE | line detected; vision_live
2026-03-10T17:41:21.008+00:00 [FOLLOWING_LINE] FOLLOWING_LINE --ON_INTERSECTION--> FOLLOWING_LINE | intersection handled by navigation policy; vision_live
2026-03-10T17:41:21.059+00:00 [FOLLOWING_LINE] FOLLOWING_LINE --ON_INTERSECTION--> FOLLOWING_LINE | intersection handled by navigation policy; vision_live
2026-03-10T17:41:21.108+00:00 [FOLLOWING_LINE] FOLLOWING_LINE --ON_INTERSECTION--> FOLLOWING_LINE | intersection handled by navigation policy; vision_live
2026-03-10T17:41:21.138+00:00 [FOLLOWING_LINE] FOLLOWING_LINE --ON_INTERSECTION--> FOLLOWING_LINE | intersection handled by navigation policy; vision_live
2026-03-10T17:41:21.166+00:00 [FOLLOWING_LINE] FOLLOWING_LINE --ON_INTERSECTION--> FOLLOWING_LINE | intersection handled by navigation policy; vision_live
2026-03-10T17:41:21.205+00:00 [FOLLOWING_LINE] FOLLOWING_LINE --ON_INTERSECTION--> FOLLOWING_LINE | intersection handled by navigation policy; vision_live
2026-03-10T17:41:21.231+00:00 [FOLLOWING_LINE] FOLLOWING_LINE --ON_INTERSECTION--> FOLLOWING_LINE | intersection handled by navigation policy; vision_live
2026-03-10T17:41:21.280+00:00 [FOLLOWING_LINE] FOLLOWING_LINE --ON_INTERSECTION--> FOLLOWING_LINE | intersection handled by navigation policy; vision_live
2026-03-10T17:41:21.314+00:00 [FOLLOWING_LINE] FOLLOWING_LINE --ON_INTERSECTION--> FOLLOWING_LINE | intersection handled by navigation policy; vision_live
2026-03-10T17:41:21.347+00:00 [FOLLOWING_LINE] FOLLOWING_LINE --ON_INTERSECTION--> FOLLOWING_LINE | intersection handled by navigation policy; vision_live
2026-03-10T17:41:21.380+00:00 [FOLLOWING_LINE] FOLLOWING_LINE --ON_INTERSECTION--> FOLLOWING_LINE | intersection handled by navigation policy; vision_live
2026-03-10T17:41:21.415+00:00 [FOLLOWING_LINE] FOLLOWING_LINE --ON_INTERSECTION--> FOLLOWING_LINE | intersection handled by navigation policy; vision_live
2026-03-10T17:41:21.436+00:00 [FOLLOWING_LINE] FOLLOWING_LINE --ON_INTERSECTION--> FOLLOWING_LINE | intersection handled by navigation policy; vision_live
2026-03-10T17:41:21.471+00:00 [FOLLOWING_LINE] FOLLOWING_LINE --ON_INTERSECTION--> FOLLOWING_LINE | intersection handled by navigation policy; vision_live
2026-03-10T17:41:21.503+00:00 [FOLLOWING_LINE] FOLLOWING_LINE --ON_INTERSECTION--> FOLLOWING_LINE | intersection handled by navigation policy; vision_live
2026-03-10T17:41:21.550+00:00 [FOLLOWING_LINE] FOLLOWING_LINE --ON_INTERSECTION--> FOLLOWING_LINE | intersection handled by navigation policy; vision_live
2026-03-10T17:41:21.576+00:00 [FOLLOWING_LINE] FOLLOWING_LINE --ON_INTERSECTION--> FOLLOWING_LINE | intersection handled by navigation policy; vision_live
2026-03-10T17:41:21.618+00:00 [FOLLOWING_LINE] FOLLOWING_LINE --ON_INTERSECTION--> FOLLOWING_LINE | intersection handled by navigation policy; vision_live
2026-03-10T17:41:21.639+00:00 [FOLLOWING_LINE] FOLLOWING_LINE --ON_INTERSECTION--> FOLLOWING_LINE | intersection handled by navigation policy; vision_live
2026-03-10T17:41:21.691+00:00 [FOLLOWING_LINE] FOLLOWING_LINE --ON_INTERSECTION--> FOLLOWING_LINE | intersection handled by navigation policy; vision_live
2026-03-10T17:41:21.739+00:00 [FOLLOWING_LINE] FOLLOWING_LINE --ON_INTERSECTION--> FOLLOWING_LINE | intersection handled by navigation policy; vision_live
2026-03-10T17:41:21.768+00:00 [FOLLOWING_LINE] FOLLOWING_LINE --ON_INTERSECTION--> FOLLOWING_LINE | intersection handled by navigation policy; vision_live
2026-03-10T17:41:21.788+00:00 [FOLLOWING_LINE] FOLLOWING_LINE --ON_INTERSECTION--> FOLLOWING_LINE | intersection handled by navigation policy; vision_live
2026-03-10T17:41:21.811+00:00 [FOLLOWING_LINE] FOLLOWING_LINE --ON_INTERSECTION--> FOLLOWING_LINE | intersection handled by navigation policy; vision_live
2026-03-10T17:41:21.855+00:00 [FOLLOWING_LINE] FOLLOWING_LINE --ON_INTERSECTION--> FOLLOWING_LINE | intersection handled by navigation policy; vision_live
2026-03-10T17:41:21.882+00:00 [FOLLOWING_LINE] FOLLOWING_LINE --ON_INTERSECTION--> FOLLOWING_LINE | intersection handled by navigation policy; vision_live
2026-03-10T17:41:21.909+00:00 [FOLLOWING_LINE] FOLLOWING_LINE --ON_INTERSECTION--> FOLLOWING_LINE | intersection handled by navigation policy; vision_live
2026-03-10T17:41:21.939+00:00 [FOLLOWING_LINE] FOLLOWING_LINE --ON_INTERSECTION--> FOLLOWING_LINE | intersection handled by navigation policy; vision_live
2026-03-10T17:41:21.963+00:00 [FOLLOWING_LINE] FOLLOWING_LINE --ON_INTERSECTION--> FOLLOWING_LINE | intersection handled by navigation policy; vision_live
2026-03-10T17:41:22.002+00:00 [FOLLOWING_LINE] FOLLOWING_LINE --ON_INTERSECTION--> FOLLOWING_LINE | intersection handled by navigation policy; vision_live
2026-03-10T17:41:22.044+00:00 [FOLLOWING_LINE] FOLLOWING_LINE --ON_INTERSECTION--> FOLLOWING_LINE | intersection handled by navigation policy; vision_live
2026-03-10T17:41:22.079+00:00 [FOLLOWING_LINE] FOLLOWING_LINE --ON_INTERSECTION--> FOLLOWING_LINE | intersection handled by navigation policy; vision_live
2026-03-10T17:41:22.115+00:00 [FOLLOWING_LINE] FOLLOWING_LINE --ON_INTERSECTION--> FOLLOWING_LINE | intersection handled by navigation policy; vision_live
2026-03-10T17:41:22.157+00:00 [FOLLOWING_LINE] FOLLOWING_LINE --ON_INTERSECTION--> FOLLOWING_LINE | intersection handled by navigation policy; vision_live
2026-03-10T17:41:22.179+00:00 [FOLLOWING_LINE] FOLLOWING_LINE --ON_INTERSECTION--> FOLLOWING_LINE | intersection handled by navigation policy; vision_live
2026-03-10T17:41:22.213+00:00 [FOLLOWING_LINE] FOLLOWING_LINE --ON_INTERSECTION--> FOLLOWING_LINE | intersection handled by navigation policy; vision_live
2026-03-10T17:41:22.240+00:00 [FOLLOWING_LINE] FOLLOWING_LINE --ON_INTERSECTION--> FOLLOWING_LINE | intersection handled by navigation policy; vision_live
2026-03-10T17:41:22.271+00:00 [FOLLOWING_LINE] FOLLOWING_LINE --ON_INTERSECTION--> FOLLOWING_LINE | intersection handled by navigation policy; vision_live
2026-03-10T17:41:22.295+00:00 [FOLLOWING_LINE] FOLLOWING_LINE --ON_INTERSECTION--> FOLLOWING_LINE | intersection handled by navigation policy; vision_live
2026-03-10T17:41:22.335+00:00 [FOLLOWING_LINE] FOLLOWING_LINE --ON_INTERSECTION--> FOLLOWING_LINE | intersection handled by navigation policy; vision_live
2026-03-10T17:41:22.385+00:00 [FOLLOWING_LINE] FOLLOWING_LINE --ON_INTERSECTION--> FOLLOWING_LINE | intersection handled by navigation policy; vision_live
2026-03-10T17:41:22.421+00:00 [FOLLOWING_LINE] FOLLOWING_LINE --ON_INTERSECTION--> FOLLOWING_LINE | intersection handled by navigation policy; vision_live
2026-03-10T17:41:22.444+00:00 [FOLLOWING_LINE] FOLLOWING_LINE --ON_INTERSECTION--> FOLLOWING_LINE | intersection handled by navigation policy; vision_live
2026-03-10T17:41:22.488+00:00 [FOLLOWING_LINE] FOLLOWING_LINE --ON_INTERSECTION--> FOLLOWING_LINE | intersection handled by navigation policy; vision_live
2026-03-10T17:41:22.509+00:00 [FOLLOWING_LINE] FOLLOWING_LINE --ON_INTERSECTION--> FOLLOWING_LINE | intersection handled by navigation policy; vision_live
2026-03-10T17:41:22.552+00:00 [FOLLOWING_LINE] FOLLOWING_LINE --ON_INTERSECTION--> FOLLOWING_LINE | intersection handled by navigation policy; vision_live
2026-03-10T17:41:22.596+00:00 [FOLLOWING_LINE] FOLLOWING_LINE --ON_INTERSECTION--> FOLLOWING_LINE | intersection handled by navigation policy; vision_live
2026-03-10T17:41:22.622+00:00 [FOLLOWING_LINE] FOLLOWING_LINE --ON_INTERSECTION--> FOLLOWING_LINE | intersection handled by navigation policy; vision_live
2026-03-10T17:41:22.651+00:00 [FOLLOWING_LINE] FOLLOWING_LINE --ON_INTERSECTION--> FOLLOWING_LINE | intersection handled by navigation policy; vision_live
2026-03-10T17:41:22.677+00:00 [FOLLOWING_LINE] FOLLOWING_LINE --ON_INTERSECTION--> FOLLOWING_LINE | intersection handled by navigation policy; vision_live
2026-03-10T17:41:22.698+00:00 [FOLLOWING_LINE] FOLLOWING_LINE --ON_INTERSECTION--> FOLLOWING_LINE | intersection handled by navigation policy; vision_live
2026-03-10T17:41:22.762+00:00 [FOLLOWING_LINE] FOLLOWING_LINE --ON_INTERSECTION--> FOLLOWING_LINE | intersection handled by navigation policy; vision_live
2026-03-10T17:41:22.788+00:00 [FOLLOWING_LINE] FOLLOWING_LINE --ON_INTERSECTION--> FOLLOWING_LINE | intersection handled by navigation policy; vision_live
2026-03-10T17:41:22.830+00:00 [FOLLOWING_LINE] FOLLOWING_LINE --ON_INTERSECTION--> FOLLOWING_LINE | intersection handled by navigation policy; vision_live
2026-03-10T17:41:22.850+00:00 [FOLLOWING_LINE] FOLLOWING_LINE --ON_INTERSECTION--> FOLLOWING_LINE | intersection handled by navigation policy; vision_live
2026-03-10T17:41:22.874+00:00 [FOLLOWING_LINE] FOLLOWING_LINE --ON_INTERSECTION--> FOLLOWING_LINE | intersection handled by navigation policy; vision_live
2026-03-10T17:41:22.915+00:00 [FOLLOWING_LINE] FOLLOWING_LINE --ON_INTERSECTION--> FOLLOWING_LINE | intersection handled by navigation policy; vision_live
2026-03-10T17:41:22.952+00:00 [FOLLOWING_LINE] FOLLOWING_LINE --ON_INTERSECTION--> FOLLOWING_LINE | intersection handled by navigation policy; vision_live
2026-03-10T17:41:22.982+00:00 [FOLLOWING_LINE] FOLLOWING_LINE --ON_INTERSECTION--> FOLLOWING_LINE | intersection handled by navigation policy; vision_live
2026-03-10T17:41:23.010+00:00 [FOLLOWING_LINE] FOLLOWING_LINE --ON_INTERSECTION--> FOLLOWING_LINE | intersection handled by navigation policy; vision_live
2026-03-10T17:41:23.044+00:00 [FOLLOWING_LINE] FOLLOWING_LINE --ON_INTERSECTION--> FOLLOWING_LINE | intersection handled by navigation policy; vision_live
2026-03-10T17:41:23.079+00:00 [FOLLOWING_LINE] FOLLOWING_LINE --ON_INTERSECTION--> FOLLOWING_LINE | intersection handled by navigation policy; vision_live
2026-03-10T17:41:23.117+00:00 [FOLLOWING_LINE] FOLLOWING_LINE --ON_INTERSECTION--> FOLLOWING_LINE | intersection handled by navigation policy; vision_live
2026-03-10T17:41:23.148+00:00 [FOLLOWING_LINE] FOLLOWING_LINE --ON_INTERSECTION--> FOLLOWING_LINE | intersection handled by navigation policy; vision_live
2026-03-10T17:41:23.175+00:00 [FOLLOWING_LINE] FOLLOWING_LINE --ON_INTERSECTION--> FOLLOWING_LINE | intersection handled by navigation policy; vision_live
2026-03-10T17:41:23.238+00:00 [FOLLOWING_LINE] FOLLOWING_LINE --ON_INTERSECTION--> FOLLOWING_LINE | intersection handled by navigation policy; vision_live
2026-03-10T17:41:23.259+00:00 [FOLLOWING_LINE] FOLLOWING_LINE --ON_INTERSECTION--> FOLLOWING_LINE | intersection handled by navigation policy; vision_live
2026-03-10T17:41:23.310+00:00 [FOLLOWING_LINE] FOLLOWING_LINE --ON_INTERSECTION--> FOLLOWING_LINE | intersection handled by navigation policy; vision_live
2026-03-10T17:41:23.331+00:00 [FOLLOWING_LINE] FOLLOWING_LINE --ON_INTERSECTION--> FOLLOWING_LINE | intersection handled by navigation policy; vision_live
2026-03-10T17:41:23.358+00:00 [FOLLOWING_LINE] FOLLOWING_LINE --ON_INTERSECTION--> FOLLOWING_LINE | intersection handled by navigation policy; vision_live
2026-03-10T17:41:23.416+00:00 [FOLLOWING_LINE] FOLLOWING_LINE --ON_INTERSECTION--> FOLLOWING_LINE | intersection handled by navigation policy; vision_live
2026-03-10T17:41:23.454+00:00 [FOLLOWING_LINE] FOLLOWING_LINE --ON_INTERSECTION--> FOLLOWING_LINE | intersection handled by navigation policy; vision_live
2026-03-10T17:41:23.493+00:00 [FOLLOWING_LINE] FOLLOWING_LINE --ON_INTERSECTION--> FOLLOWING_LINE | intersection handled by navigation policy; vision_live
2026-03-10T17:41:23.526+00:00 [FOLLOWING_LINE] FOLLOWING_LINE --ON_INTERSECTION--> FOLLOWING_LINE | intersection handled by navigation policy; vision_live
2026-03-10T17:41:23.561+00:00 [FOLLOWING_LINE] FOLLOWING_LINE --ON_INTERSECTION--> FOLLOWING_LINE | intersection handled by navigation policy; vision_live
2026-03-10T17:41:23.585+00:00 [FOLLOWING_LINE] FOLLOWING_LINE --ON_INTERSECTION--> FOLLOWING_LINE | intersection handled by navigation policy; vision_live
2026-03-10T17:41:23.625+00:00 [FOLLOWING_LINE] FOLLOWING_LINE --ON_INTERSECTION--> FOLLOWING_LINE | intersection handled by navigation policy; vision_live
2026-03-10T17:41:23.654+00:00 [FOLLOWING_LINE] FOLLOWING_LINE --ON_INTERSECTION--> FOLLOWING_LINE | intersection handled by navigation policy; vision_live
2026-03-10T17:41:23.693+00:00 [FOLLOWING_LINE] FOLLOWING_LINE --ON_INTERSECTION--> FOLLOWING_LINE | intersection handled by navigation policy; vision_live
2026-03-10T17:41:23.724+00:00 [FOLLOWING_LINE] FOLLOWING_LINE --ON_INTERSECTION--> FOLLOWING_LINE | intersection handled by navigation policy; vision_live
2026-03-10T17:41:23.756+00:00 [FOLLOWING_LINE] FOLLOWING_LINE --ON_INTERSECTION--> FOLLOWING_LINE | intersection handled by navigation policy; vision_live
2026-03-10T17:41:23.779+00:00 [FOLLOWING_LINE] FOLLOWING_LINE --ON_INTERSECTION--> FOLLOWING_LINE | intersection handled by navigation policy; vision_live
2026-03-10T17:41:23.838+00:00 [FOLLOWING_LINE] FOLLOWING_LINE --ON_INTERSECTION--> FOLLOWING_LINE | intersection handled by navigation policy; vision_live
2026-03-10T17:41:23.861+00:00 [FOLLOWING_LINE] FOLLOWING_LINE --ON_INTERSECTION--> FOLLOWING_LINE | intersection handled by navigation policy; vision_live
2026-03-10T17:41:23.924+00:00 [FOLLOWING_LINE] FOLLOWING_LINE --ON_INTERSECTION--> FOLLOWING_LINE | intersection handled by navigation policy; vision_live
2026-03-10T17:41:23.966+00:00 [FOLLOWING_LINE] FOLLOWING_LINE --ON_INTERSECTION--> FOLLOWING_LINE | intersection handled by navigation policy; vision_live
2026-03-10T17:41:23.994+00:00 [FOLLOWING_LINE] FOLLOWING_LINE --ON_INTERSECTION--> FOLLOWING_LINE | intersection handled by navigation policy; vision_live
2026-03-10T17:41:24.021+00:00 [FOLLOWING_LINE] FOLLOWING_LINE --ON_INTERSECTION--> FOLLOWING_LINE | intersection handled by navigation policy; vision_live
2026-03-10T17:41:24.046+00:00 [FOLLOWING_LINE] FOLLOWING_LINE --ON_INTERSECTION--> FOLLOWING_LINE | intersection handled by navigation policy; vision_live
2026-03-10T17:41:24.087+00:00 [FOLLOWING_LINE] FOLLOWING_LINE --ON_INTERSECTION--> FOLLOWING_LINE | intersection handled by navigation policy; vision_live
2026-03-10T17:41:24.118+00:00 [FOLLOWING_LINE] FOLLOWING_LINE --ON_INTERSECTION--> FOLLOWING_LINE | intersection handled by navigation policy; vision_live
2026-03-10T17:41:24.151+00:00 [FOLLOWING_LINE] FOLLOWING_LINE --ON_INTERSECTION--> FOLLOWING_LINE | intersection handled by navigation policy; vision_live
2026-03-10T17:41:24.202+00:00 [FOLLOWING_LINE] FOLLOWING_LINE --ON_INTERSECTION--> FOLLOWING_LINE | intersection handled by navigation policy; vision_live
2026-03-10T17:41:24.225+00:00 [FOLLOWING_LINE] FOLLOWING_LINE --ON_INTERSECTION--> FOLLOWING_LINE | intersection handled by navigation policy; vision_live
2026-03-10T17:41:24.256+00:00 [FOLLOWING_LINE] FOLLOWING_LINE --ON_INTERSECTION--> FOLLOWING_LINE | intersection handled by navigation policy; vision_live
2026-03-10T17:41:24.287+00:00 [FOLLOWING_LINE] FOLLOWING_LINE --ON_INTERSECTION--> FOLLOWING_LINE | intersection handled by navigation policy; vision_live
2026-03-10T17:41:24.331+00:00 [FOLLOWING_LINE] FOLLOWING_LINE --ON_INTERSECTION--> FOLLOWING_LINE | intersection handled by navigation policy; vision_live
2026-03-10T17:41:24.356+00:00 [FOLLOWING_LINE] FOLLOWING_LINE --ON_INTERSECTION--> FOLLOWING_LINE | intersection handled by navigation policy; vision_live
2026-03-10T17:41:24.384+00:00 [FOLLOWING_LINE] FOLLOWING_LINE --ON_INTERSECTION--> FOLLOWING_LINE | intersection handled by navigation policy; vision_live
2026-03-10T17:41:24.428+00:00 [FOLLOWING_LINE] FOLLOWING_LINE --ON_INTERSECTION--> FOLLOWING_LINE | intersection handled by navigation policy; vision_live
2026-03-10T17:41:24.461+00:00 [FOLLOWING_LINE] FOLLOWING_LINE --ON_INTERSECTION--> FOLLOWING_LINE | intersection handled by navigation policy; vision_live
2026-03-10T17:41:24.487+00:00 [FOLLOWING_LINE] FOLLOWING_LINE --ON_INTERSECTION--> FOLLOWING_LINE | intersection handled by navigation policy; vision_live
2026-03-10T17:41:24.527+00:00 [FOLLOWING_LINE] FOLLOWING_LINE --ON_INTERSECTION--> FOLLOWING_LINE | intersection handled by navigation policy; vision_live
2026-03-10T17:41:24.551+00:00 [FOLLOWING_LINE] FOLLOWING_LINE --ON_INTERSECTION--> FOLLOWING_LINE | intersection handled by navigation policy; vision_live
2026-03-10T17:41:24.598+00:00 [FOLLOWING_LINE] FOLLOWING_LINE --ON_INTERSECTION--> FOLLOWING_LINE | intersection handled by navigation policy; vision_live
2026-03-10T17:41:24.625+00:00 [FOLLOWING_LINE] FOLLOWING_LINE --ON_INTERSECTION--> FOLLOWING_LINE | intersection handled by navigation policy; vision_live
2026-03-10T17:41:24.667+00:00 [FOLLOWING_LINE] FOLLOWING_LINE --ON_INTERSECTION--> FOLLOWING_LINE | intersection handled by navigation policy; vision_live
2026-03-10T17:41:24.691+00:00 [FOLLOWING_LINE] FOLLOWING_LINE --ON_INTERSECTION--> FOLLOWING_LINE | intersection handled by navigation policy; vision_live
2026-03-10T17:41:24.735+00:00 [FOLLOWING_LINE] FOLLOWING_LINE --ON_INTERSECTION--> FOLLOWING_LINE | intersection handled by navigation policy; vision_live
2026-03-10T17:41:24.756+00:00 [FOLLOWING_LINE] FOLLOWING_LINE --ON_INTERSECTION--> FOLLOWING_LINE | intersection handled by navigation policy; vision_live
2026-03-10T17:41:24.782+00:00 [FOLLOWING_LINE] FOLLOWING_LINE --ON_INTERSECTION--> FOLLOWING_LINE | intersection handled by navigation policy; vision_live
2026-03-10T17:41:24.821+00:00 [FOLLOWING_LINE] FOLLOWING_LINE --ON_INTERSECTION--> FOLLOWING_LINE | intersection handled by navigation policy; vision_live
2026-03-10T17:41:24.849+00:00 [FOLLOWING_LINE] FOLLOWING_LINE --ON_INTERSECTION--> FOLLOWING_LINE | intersection handled by navigation policy; vision_live
2026-03-10T17:41:24.900+00:00 [FOLLOWING_LINE] FOLLOWING_LINE --ON_INTERSECTION--> FOLLOWING_LINE | intersection handled by navigation policy; vision_live
2026-03-10T17:41:24.956+00:00 [FOLLOWING_LINE] FOLLOWING_LINE --ON_INTERSECTION--> FOLLOWING_LINE | intersection handled by navigation policy; vision_live
2026-03-10T17:41:24.977+00:00 [FOLLOWING_LINE] FOLLOWING_LINE --ON_INTERSECTION--> FOLLOWING_LINE | intersection handled by navigation policy; vision_live
2026-03-10T17:41:25.005+00:00 [FOLLOWING_LINE] FOLLOWING_LINE --ON_INTERSECTION--> FOLLOWING_LINE | intersection handled by navigation policy; vision_live
2026-03-10T17:41:25.027+00:00 [FOLLOWING_LINE] FOLLOWING_LINE --ON_INTERSECTION--> FOLLOWING_LINE | intersection handled by navigation policy; vision_live
2026-03-10T17:41:25.054+00:00 [FOLLOWING_LINE] FOLLOWING_LINE --ON_INTERSECTION--> FOLLOWING_LINE | intersection handled by navigation policy; vision_live
2026-03-10T17:41:25.094+00:00 [FOLLOWING_LINE] FOLLOWING_LINE --ON_INTERSECTION--> FOLLOWING_LINE | intersection handled by navigation policy; vision_live
2026-03-10T17:41:25.130+00:00 [FOLLOWING_LINE] FOLLOWING_LINE --ON_INTERSECTION--> FOLLOWING_LINE | intersection handled by navigation policy; vision_live
2026-03-10T17:41:25.152+00:00 [FOLLOWING_LINE] FOLLOWING_LINE --ON_INTERSECTION--> FOLLOWING_LINE | intersection handled by navigation policy; vision_live
2026-03-10T17:41:25.186+00:00 [FOLLOWING_LINE] FOLLOWING_LINE --ON_INTERSECTION--> FOLLOWING_LINE | intersection handled by navigation policy; vision_live
2026-03-10T17:41:25.249+00:00 [FOLLOWING_LINE] FOLLOWING_LINE --ON_INTERSECTION--> FOLLOWING_LINE | intersection handled by navigation policy; vision_live
2026-03-10T17:41:25.277+00:00 [FOLLOWING_LINE] FOLLOWING_LINE --ON_INTERSECTION--> FOLLOWING_LINE | intersection handled by navigation policy; vision_live
2026-03-10T17:41:25.304+00:00 [FOLLOWING_LINE] FOLLOWING_LINE --ON_INTERSECTION--> FOLLOWING_LINE | intersection handled by navigation policy; vision_live
2026-03-10T17:41:25.344+00:00 [FOLLOWING_LINE] FOLLOWING_LINE --ON_INTERSECTION--> FOLLOWING_LINE | intersection handled by navigation policy; vision_live
2026-03-10T17:41:25.365+00:00 [FOLLOWING_LINE] FOLLOWING_LINE --ON_INTERSECTION--> FOLLOWING_LINE | intersection handled by navigation policy; vision_live
2026-03-10T17:41:25.398+00:00 [FOLLOWING_LINE] FOLLOWING_LINE --ON_INTERSECTION--> FOLLOWING_LINE | intersection handled by navigation policy; vision_live
2026-03-10T17:41:25.447+00:00 [FOLLOWING_LINE] FOLLOWING_LINE --ON_INTERSECTION--> FOLLOWING_LINE | intersection handled by navigation policy; vision_live
2026-03-10T17:41:25.512+00:00 [FOLLOWING_LINE] FOLLOWING_LINE --ON_INTERSECTION--> FOLLOWING_LINE | intersection handled by navigation policy; vision_live
2026-03-10T17:41:25.537+00:00 [FOLLOWING_LINE] FOLLOWING_LINE --ON_INTERSECTION--> FOLLOWING_LINE | intersection handled by navigation policy; vision_live
2026-03-10T17:41:25.565+00:00 [FOLLOWING_LINE] FOLLOWING_LINE --ON_INTERSECTION--> FOLLOWING_LINE | intersection handled by navigation policy; vision_live
2026-03-10T17:41:25.599+00:00 [FOLLOWING_LINE] FOLLOWING_LINE --ON_INTERSECTION--> FOLLOWING_LINE | intersection handled by navigation policy; vision_live
2026-03-10T17:41:25.633+00:00 [FOLLOWING_LINE] FOLLOWING_LINE --ON_INTERSECTION--> FOLLOWING_LINE | intersection handled by navigation policy; vision_live
2026-03-10T17:41:25.679+00:00 [FOLLOWING_LINE] FOLLOWING_LINE --ON_INTERSECTION--> FOLLOWING_LINE | intersection handled by navigation policy; vision_live
2026-03-10T17:41:25.705+00:00 [FOLLOWING_LINE] FOLLOWING_LINE --ON_INTERSECTION--> FOLLOWING_LINE | intersection handled by navigation policy; vision_live
2026-03-10T17:41:25.729+00:00 [FOLLOWING_LINE] FOLLOWING_LINE --ON_INTERSECTION--> FOLLOWING_LINE | intersection handled by navigation policy; vision_live
2026-03-10T17:41:25.768+00:00 [FOLLOWING_LINE] FOLLOWING_LINE --ON_INTERSECTION--> FOLLOWING_LINE | intersection handled by navigation policy; vision_live
2026-03-10T17:41:25.792+00:00 [FOLLOWING_LINE] FOLLOWING_LINE --ON_INTERSECTION--> FOLLOWING_LINE | intersection handled by navigation policy; vision_live
2026-03-10T17:41:25.829+00:00 [FOLLOWING_LINE] FOLLOWING_LINE --ON_INTERSECTION--> FOLLOWING_LINE | intersection handled by navigation policy; vision_live
2026-03-10T17:41:25.858+00:00 [FOLLOWING_LINE] FOLLOWING_LINE --ON_INTERSECTION--> FOLLOWING_LINE | intersection handled by navigation policy; vision_live
2026-03-10T17:41:25.900+00:00 [FOLLOWING_LINE] FOLLOWING_LINE --ON_INTERSECTION--> FOLLOWING_LINE | intersection handled by navigation policy; vision_live
2026-03-10T17:41:25.925+00:00 [FOLLOWING_LINE] FOLLOWING_LINE --ON_INTERSECTION--> FOLLOWING_LINE | intersection handled by navigation policy; vision_live
2026-03-10T17:41:25.971+00:00 [FOLLOWING_LINE] FOLLOWING_LINE --ON_INTERSECTION--> FOLLOWING_LINE | intersection handled by navigation policy; vision_live
2026-03-10T17:41:26.011+00:00 [FOLLOWING_LINE] FOLLOWING_LINE --ON_INTERSECTION--> FOLLOWING_LINE | intersection handled by navigation policy; vision_live
2026-03-10T17:41:26.037+00:00 [FOLLOWING_LINE] FOLLOWING_LINE --ON_INTERSECTION--> FOLLOWING_LINE | intersection handled by navigation policy; vision_live
2026-03-10T17:41:26.063+00:00 [FOLLOWING_LINE] FOLLOWING_LINE --ON_INTERSECTION--> FOLLOWING_LINE | intersection handled by navigation policy; vision_live
2026-03-10T17:41:26.107+00:00 [FOLLOWING_LINE] FOLLOWING_LINE --ON_INTERSECTION--> FOLLOWING_LINE | intersection handled by navigation policy; vision_live
2026-03-10T17:41:26.149+00:00 [FOLLOWING_LINE] FOLLOWING_LINE --ON_INTERSECTION--> FOLLOWING_LINE | intersection handled by navigation policy; vision_live
2026-03-10T17:41:26.183+00:00 [FOLLOWING_LINE] FOLLOWING_LINE --ON_INTERSECTION--> FOLLOWING_LINE | intersection handled by navigation policy; vision_live
2026-03-10T17:41:26.210+00:00 [FOLLOWING_LINE] FOLLOWING_LINE --ON_INTERSECTION--> FOLLOWING_LINE | intersection handled by navigation policy; vision_live
2026-03-10T17:41:26.241+00:00 [FOLLOWING_LINE] FOLLOWING_LINE --ON_INTERSECTION--> FOLLOWING_LINE | intersection handled by navigation policy; vision_live
2026-03-10T17:41:26.273+00:00 [FOLLOWING_LINE] FOLLOWING_LINE --ON_INTERSECTION--> FOLLOWING_LINE | intersection handled by navigation policy; vision_live
2026-03-10T17:41:26.309+00:00 [FOLLOWING_LINE] FOLLOWING_LINE --ON_INTERSECTION--> FOLLOWING_LINE | intersection handled by navigation policy; vision_live
2026-03-10T17:41:26.343+00:00 [FOLLOWING_LINE] FOLLOWING_LINE --ON_INTERSECTION--> FOLLOWING_LINE | intersection handled by navigation policy; vision_live
2026-03-10T17:41:26.372+00:00 [FOLLOWING_LINE] FOLLOWING_LINE --ON_INTERSECTION--> FOLLOWING_LINE | intersection handled by navigation policy; vision_live
2026-03-10T17:41:26.398+00:00 [FOLLOWING_LINE] FOLLOWING_LINE --ON_INTERSECTION--> FOLLOWING_LINE | intersection handled by navigation policy; vision_live
2026-03-10T17:41:26.456+00:00 [FOLLOWING_LINE] FOLLOWING_LINE --ON_INTERSECTION--> FOLLOWING_LINE | intersection handled by navigation policy; vision_live
2026-03-10T17:41:26.479+00:00 [FOLLOWING_LINE] FOLLOWING_LINE --ON_INTERSECTION--> FOLLOWING_LINE | intersection handled by navigation policy; vision_live
2026-03-10T17:41:26.509+00:00 [FOLLOWING_LINE] FOLLOWING_LINE --ON_INTERSECTION--> FOLLOWING_LINE | intersection handled by navigation policy; vision_live
2026-03-10T17:41:26.530+00:00 [FOLLOWING_LINE] FOLLOWING_LINE --ON_INTERSECTION--> FOLLOWING_LINE | intersection handled by navigation policy; vision_live
2026-03-10T17:41:26.565+00:00 [FOLLOWING_LINE] FOLLOWING_LINE --ON_INTERSECTION--> FOLLOWING_LINE | intersection handled by navigation policy; vision_live
2026-03-10T17:41:26.590+00:00 [FOLLOWING_LINE] FOLLOWING_LINE --ON_INTERSECTION--> FOLLOWING_LINE | intersection handled by navigation policy; vision_live
2026-03-10T17:41:26.632+00:00 [FOLLOWING_LINE] FOLLOWING_LINE --ON_INTERSECTION--> FOLLOWING_LINE | intersection handled by navigation policy; vision_live
2026-03-10T17:41:26.672+00:00 [FOLLOWING_LINE] FOLLOWING_LINE --ON_INTERSECTION--> FOLLOWING_LINE | intersection handled by navigation policy; vision_live
2026-03-10T17:41:26.722+00:00 [FOLLOWING_LINE] FOLLOWING_LINE --ON_INTERSECTION--> FOLLOWING_LINE | intersection handled by navigation policy; vision_live
2026-03-10T17:41:26.746+00:00 [FOLLOWING_LINE] FOLLOWING_LINE --ON_INTERSECTION--> FOLLOWING_LINE | intersection handled by navigation policy; vision_live
2026-03-10T17:41:26.781+00:00 [FOLLOWING_LINE] FOLLOWING_LINE --ON_INTERSECTION--> FOLLOWING_LINE | intersection handled by navigation policy; vision_live
2026-03-10T17:41:26.801+00:00 [FOLLOWING_LINE] FOLLOWING_LINE --ON_INTERSECTION--> FOLLOWING_LINE | intersection handled by navigation policy; vision_live
2026-03-10T17:41:26.846+00:00 [FOLLOWING_LINE] FOLLOWING_LINE --ON_INTERSECTION--> FOLLOWING_LINE | intersection handled by navigation policy; vision_live
2026-03-10T17:41:26.874+00:00 [FOLLOWING_LINE] FOLLOWING_LINE --ON_INTERSECTION--> FOLLOWING_LINE | intersection handled by navigation policy; vision_live
2026-03-10T17:41:26.905+00:00 [FOLLOWING_LINE] FOLLOWING_LINE --ON_INTERSECTION--> FOLLOWING_LINE | intersection handled by navigation policy; vision_live
2026-03-10T17:41:26.934+00:00 [FOLLOWING_LINE] FOLLOWING_LINE --ON_INTERSECTION--> FOLLOWING_LINE | intersection handled by navigation policy; vision_live
2026-03-10T17:41:26.971+00:00 [FOLLOWING_LINE] FOLLOWING_LINE --ON_INTERSECTION--> FOLLOWING_LINE | intersection handled by navigation policy; vision_live
2026-03-10T17:41:26.991+00:00 [FOLLOWING_LINE] FOLLOWING_LINE --ON_INTERSECTION--> FOLLOWING_LINE | intersection handled by navigation policy; vision_live
2026-03-10T17:41:27.035+00:00 [FOLLOWING_LINE] FOLLOWING_LINE --ON_INTERSECTION--> FOLLOWING_LINE | intersection handled by navigation policy; vision_live
2026-03-10T17:41:27.071+00:00 [FOLLOWING_LINE] FOLLOWING_LINE --ON_INTERSECTION--> FOLLOWING_LINE | intersection handled by navigation policy; vision_live
2026-03-10T17:41:27.103+00:00 [FOLLOWING_LINE] FOLLOWING_LINE --ON_INTERSECTION--> FOLLOWING_LINE | intersection handled by navigation policy; vision_live
2026-03-10T17:41:27.149+00:00 [FOLLOWING_LINE] FOLLOWING_LINE --ON_INTERSECTION--> FOLLOWING_LINE | intersection handled by navigation policy; vision_live
2026-03-10T17:41:27.173+00:00 [FOLLOWING_LINE] FOLLOWING_LINE --ON_INTERSECTION--> FOLLOWING_LINE | intersection handled by navigation policy; vision_live
2026-03-10T17:41:27.203+00:00 [FOLLOWING_LINE] FOLLOWING_LINE --ON_INTERSECTION--> FOLLOWING_LINE | intersection handled by navigation policy; vision_live
2026-03-10T17:41:27.235+00:00 [FOLLOWING_LINE] FOLLOWING_LINE --ON_INTERSECTION--> FOLLOWING_LINE | intersection handled by navigation policy; vision_live
2026-03-10T17:41:27.262+00:00 [FOLLOWING_LINE] FOLLOWING_LINE --ON_INTERSECTION--> FOLLOWING_LINE | intersection handled by navigation policy; vision_live
2026-03-10T17:41:27.305+00:00 [FOLLOWING_LINE] FOLLOWING_LINE --ON_INTERSECTION--> FOLLOWING_LINE | intersection handled by navigation policy; vision_live
2026-03-10T17:41:27.335+00:00 [FOLLOWING_LINE] FOLLOWING_LINE --ON_INTERSECTION--> FOLLOWING_LINE | intersection handled by navigation policy; vision_live
2026-03-10T17:41:27.365+00:00 [FOLLOWING_LINE] FOLLOWING_LINE --ON_INTERSECTION--> FOLLOWING_LINE | intersection handled by navigation policy; vision_live
2026-03-10T17:41:27.409+00:00 [FOLLOWING_LINE] FOLLOWING_LINE --ON_INTERSECTION--> FOLLOWING_LINE | intersection handled by navigation policy; vision_live
2026-03-10T17:41:27.439+00:00 [FOLLOWING_LINE] FOLLOWING_LINE --ON_INTERSECTION--> FOLLOWING_LINE | intersection handled by navigation policy; vision_live
2026-03-10T17:41:27.468+00:00 [FOLLOWING_LINE] FOLLOWING_LINE --ON_INTERSECTION--> FOLLOWING_LINE | intersection handled by navigation policy; vision_live
2026-03-10T17:41:27.505+00:00 [FOLLOWING_LINE] FOLLOWING_LINE --ON_INTERSECTION--> FOLLOWING_LINE | intersection handled by navigation policy; vision_live
2026-03-10T17:41:27.526+00:00 [FOLLOWING_LINE] FOLLOWING_LINE --ON_INTERSECTION--> FOLLOWING_LINE | intersection handled by navigation policy; vision_live
2026-03-10T17:41:27.563+00:00 [FOLLOWING_LINE] FOLLOWING_LINE --ON_INTERSECTION--> FOLLOWING_LINE | intersection handled by navigation policy; vision_live
2026-03-10T17:41:27.620+00:00 [FOLLOWING_LINE] FOLLOWING_LINE --ON_INTERSECTION--> FOLLOWING_LINE | intersection handled by navigation policy; vision_live
2026-03-10T17:41:27.644+00:00 [FOLLOWING_LINE] FOLLOWING_LINE --ON_INTERSECTION--> FOLLOWING_LINE | intersection handled by navigation policy; vision_live
2026-03-10T17:41:27.671+00:00 [FOLLOWING_LINE] FOLLOWING_LINE --ON_INTERSECTION--> FOLLOWING_LINE | intersection handled by navigation policy; vision_live
2026-03-10T17:41:27.699+00:00 [FOLLOWING_LINE] FOLLOWING_LINE --ON_INTERSECTION--> FOLLOWING_LINE | intersection handled by navigation policy; vision_live
2026-03-10T17:41:27.733+00:00 [FOLLOWING_LINE] FOLLOWING_LINE --ON_INTERSECTION--> FOLLOWING_LINE | intersection handled by navigation policy; vision_live
2026-03-10T17:41:27.784+00:00 [FOLLOWING_LINE] FOLLOWING_LINE --ON_INTERSECTION--> FOLLOWING_LINE | intersection handled by navigation policy; vision_live
2026-03-10T17:41:27.808+00:00 [FOLLOWING_LINE] FOLLOWING_LINE --ON_INTERSECTION--> FOLLOWING_LINE | intersection handled by navigation policy; vision_live
2026-03-10T17:41:27.840+00:00 [FOLLOWING_LINE] FOLLOWING_LINE --ON_INTERSECTION--> FOLLOWING_LINE | intersection handled by navigation policy; vision_live
2026-03-10T17:41:27.869+00:00 [FOLLOWING_LINE] FOLLOWING_LINE --ON_INTERSECTION--> FOLLOWING_LINE | intersection handled by navigation policy; vision_live
2026-03-10T17:41:27.902+00:00 [FOLLOWING_LINE] FOLLOWING_LINE --ON_INTERSECTION--> FOLLOWING_LINE | intersection handled by navigation policy; vision_live
2026-03-10T17:41:27.934+00:00 [FOLLOWING_LINE] FOLLOWING_LINE --ON_INTERSECTION--> FOLLOWING_LINE | intersection handled by navigation policy; vision_live
2026-03-10T17:41:27.989+00:00 [FOLLOWING_LINE] FOLLOWING_LINE --ON_INTERSECTION--> FOLLOWING_LINE | intersection handled by navigation policy; vision_live
2026-03-10T17:41:28.008+00:00 [FOLLOWING_LINE] FOLLOWING_LINE --ON_INTERSECTION--> FOLLOWING_LINE | intersection handled by navigation policy; vision_live
2026-03-10T17:41:28.043+00:00 [FOLLOWING_LINE] FOLLOWING_LINE --ON_INTERSECTION--> FOLLOWING_LINE | intersection handled by navigation policy; vision_live
2026-03-10T17:41:28.069+00:00 [FOLLOWING_LINE] FOLLOWING_LINE --ON_INTERSECTION--> FOLLOWING_LINE | intersection handled by navigation policy; vision_live
2026-03-10T17:41:28.112+00:00 [FOLLOWING_LINE] FOLLOWING_LINE --ON_INTERSECTION--> FOLLOWING_LINE | intersection handled by navigation policy; vision_live
2026-03-10T17:41:28.144+00:00 [FOLLOWING_LINE] FOLLOWING_LINE --ON_INTERSECTION--> FOLLOWING_LINE | intersection handled by navigation policy; vision_live
2026-03-10T17:41:28.192+00:00 [FOLLOWING_LINE] FOLLOWING_LINE --ON_INTERSECTION--> FOLLOWING_LINE | intersection handled by navigation policy; vision_live
2026-03-10T17:41:28.213+00:00 [FOLLOWING_LINE] FOLLOWING_LINE --ON_INTERSECTION--> FOLLOWING_LINE | intersection handled by navigation policy; vision_live
2026-03-10T17:41:28.243+00:00 [FOLLOWING_LINE] FOLLOWING_LINE --ON_INTERSECTION--> FOLLOWING_LINE | intersection handled by navigation policy; vision_live
2026-03-10T17:41:28.272+00:00 [FOLLOWING_LINE] FOLLOWING_LINE --ON_INTERSECTION--> FOLLOWING_LINE | intersection handled by navigation policy; vision_live
2026-03-10T17:41:28.308+00:00 [FOLLOWING_LINE] FOLLOWING_LINE --ON_INTERSECTION--> FOLLOWING_LINE | intersection handled by navigation policy; vision_live
2026-03-10T17:41:28.339+00:00 [FOLLOWING_LINE] FOLLOWING_LINE --ON_INTERSECTION--> FOLLOWING_LINE | intersection handled by navigation policy; vision_live
2026-03-10T17:41:28.376+00:00 [FOLLOWING_LINE] FOLLOWING_LINE --ON_INTERSECTION--> FOLLOWING_LINE | intersection handled by navigation policy; vision_live
2026-03-10T17:41:28.402+00:00 [FOLLOWING_LINE] FOLLOWING_LINE --ON_INTERSECTION--> FOLLOWING_LINE | intersection handled by navigation policy; vision_live
2026-03-10T17:41:28.440+00:00 [FOLLOWING_LINE] FOLLOWING_LINE --ON_INTERSECTION--> FOLLOWING_LINE | intersection handled by navigation policy; vision_live
2026-03-10T17:41:28.484+00:00 [FOLLOWING_LINE] FOLLOWING_LINE --ON_INTERSECTION--> FOLLOWING_LINE | intersection handled by navigation policy; vision_live
2026-03-10T17:41:28.525+00:00 [FOLLOWING_LINE] FOLLOWING_LINE --ON_INTERSECTION--> FOLLOWING_LINE | intersection handled by navigation policy; vision_live
2026-03-10T17:41:28.551+00:00 [FOLLOWING_LINE] FOLLOWING_LINE --ON_INTERSECTION--> FOLLOWING_LINE | intersection handled by navigation policy; vision_live
2026-03-10T17:41:28.582+00:00 [FOLLOWING_LINE] FOLLOWING_LINE --ON_INTERSECTION--> FOLLOWING_LINE | intersection handled by navigation policy; vision_live
2026-03-10T17:41:28.612+00:00 [FOLLOWING_LINE] FOLLOWING_LINE --ON_INTERSECTION--> FOLLOWING_LINE | intersection handled by navigation policy; vision_live
2026-03-10T17:41:28.641+00:00 [FOLLOWING_LINE] FOLLOWING_LINE --ON_INTERSECTION--> FOLLOWING_LINE | intersection handled by navigation policy; vision_live
2026-03-10T17:41:28.667+00:00 [FOLLOWING_LINE] FOLLOWING_LINE --ON_INTERSECTION--> FOLLOWING_LINE | intersection handled by navigation policy; vision_live
2026-03-10T17:41:28.714+00:00 [FOLLOWING_LINE] FOLLOWING_LINE --ON_INTERSECTION--> FOLLOWING_LINE | intersection handled by navigation policy; vision_live
2026-03-10T17:41:28.741+00:00 [FOLLOWING_LINE] FOLLOWING_LINE --ON_INTERSECTION--> FOLLOWING_LINE | intersection handled by navigation policy; vision_live
2026-03-10T17:41:28.772+00:00 [FOLLOWING_LINE] FOLLOWING_LINE --ON_INTERSECTION--> FOLLOWING_LINE | intersection handled by navigation policy; vision_live
2026-03-10T17:41:28.818+00:00 [FOLLOWING_LINE] FOLLOWING_LINE --ON_INTERSECTION--> FOLLOWING_LINE | intersection handled by navigation policy; vision_live
2026-03-10T17:41:28.860+00:00 [FOLLOWING_LINE] FOLLOWING_LINE --ON_INTERSECTION--> FOLLOWING_LINE | intersection handled by navigation policy; vision_live
2026-03-10T17:41:28.888+00:00 [FOLLOWING_LINE] FOLLOWING_LINE --ON_INTERSECTION--> FOLLOWING_LINE | intersection handled by navigation policy; vision_live
2026-03-10T17:41:28.928+00:00 [FOLLOWING_LINE] FOLLOWING_LINE --ON_INTERSECTION--> FOLLOWING_LINE | intersection handled by navigation policy; vision_live
2026-03-10T17:41:28.993+00:00 [FOLLOWING_LINE] FOLLOWING_LINE --ON_INTERSECTION--> FOLLOWING_LINE | intersection handled by navigation policy; vision_live
2026-03-10T17:41:29.014+00:00 [FOLLOWING_LINE] FOLLOWING_LINE --ON_INTERSECTION--> FOLLOWING_LINE | intersection handled by navigation policy; vision_live
2026-03-10T17:41:29.054+00:00 [FOLLOWING_LINE] FOLLOWING_LINE --ON_INTERSECTION--> FOLLOWING_LINE | intersection handled by navigation policy; vision_live
2026-03-10T17:41:29.083+00:00 [FOLLOWING_LINE] FOLLOWING_LINE --ON_INTERSECTION--> FOLLOWING_LINE | intersection handled by navigation policy; vision_live
2026-03-10T17:41:29.128+00:00 [FOLLOWING_LINE] FOLLOWING_LINE --ON_INTERSECTION--> FOLLOWING_LINE | intersection handled by navigation policy; vision_live
2026-03-10T17:41:29.149+00:00 [FOLLOWING_LINE] FOLLOWING_LINE --ON_INTERSECTION--> FOLLOWING_LINE | intersection handled by navigation policy; vision_live
2026-03-10T17:41:29.179+00:00 [FOLLOWING_LINE] FOLLOWING_LINE --ON_INTERSECTION--> FOLLOWING_LINE | intersection handled by navigation policy; vision_live
2026-03-10T17:41:29.219+00:00 [FOLLOWING_LINE] FOLLOWING_LINE --ON_INTERSECTION--> FOLLOWING_LINE | intersection handled by navigation policy; vision_live
2026-03-10T17:41:29.270+00:00 [FOLLOWING_LINE] FOLLOWING_LINE --ON_INTERSECTION--> FOLLOWING_LINE | intersection handled by navigation policy; vision_live
2026-03-10T17:41:29.292+00:00 [FOLLOWING_LINE] FOLLOWING_LINE --ON_INTERSECTION--> FOLLOWING_LINE | intersection handled by navigation policy; vision_live
2026-03-10T17:41:29.319+00:00 [FOLLOWING_LINE] FOLLOWING_LINE --ON_INTERSECTION--> FOLLOWING_LINE | intersection handled by navigation policy; vision_live
2026-03-10T17:41:29.341+00:00 [FOLLOWING_LINE] FOLLOWING_LINE --ON_INTERSECTION--> FOLLOWING_LINE | intersection handled by navigation policy; vision_live
2026-03-10T17:41:29.392+00:00 [FOLLOWING_LINE] FOLLOWING_LINE --ON_INTERSECTION--> FOLLOWING_LINE | intersection handled by navigation policy; vision_live
2026-03-10T17:41:29.420+00:00 [FOLLOWING_LINE] FOLLOWING_LINE --ON_INTERSECTION--> FOLLOWING_LINE | intersection handled by navigation policy; vision_live
2026-03-10T17:41:29.449+00:00 [FOLLOWING_LINE] FOLLOWING_LINE --ON_INTERSECTION--> FOLLOWING_LINE | intersection handled by navigation policy; vision_live
2026-03-10T17:41:29.476+00:00 [FOLLOWING_LINE] FOLLOWING_LINE --ON_INTERSECTION--> FOLLOWING_LINE | intersection handled by navigation policy; vision_live
2026-03-10T17:41:29.504+00:00 [FOLLOWING_LINE] FOLLOWING_LINE --ON_INTERSECTION--> FOLLOWING_LINE | intersection handled by navigation policy; vision_live
2026-03-10T17:41:29.555+00:00 [FOLLOWING_LINE] FOLLOWING_LINE --ON_INTERSECTION--> FOLLOWING_LINE | intersection handled by navigation policy; vision_live
2026-03-10T17:41:29.586+00:00 [FOLLOWING_LINE] FOLLOWING_LINE --ON_INTERSECTION--> FOLLOWING_LINE | intersection handled by navigation policy; vision_live
2026-03-10T17:41:29.615+00:00 [FOLLOWING_LINE] FOLLOWING_LINE --ON_INTERSECTION--> FOLLOWING_LINE | intersection handled by navigation policy; vision_live
2026-03-10T17:41:29.656+00:00 [FOLLOWING_LINE] FOLLOWING_LINE --ON_INTERSECTION--> FOLLOWING_LINE | intersection handled by navigation policy; vision_live
2026-03-10T17:41:29.678+00:00 [FOLLOWING_LINE] FOLLOWING_LINE --ON_INTERSECTION--> FOLLOWING_LINE | intersection handled by navigation policy; vision_live
2026-03-10T17:41:29.730+00:00 [FOLLOWING_LINE] FOLLOWING_LINE --ON_INTERSECTION--> FOLLOWING_LINE | intersection handled by navigation policy; vision_live
2026-03-10T17:41:29.753+00:00 [FOLLOWING_LINE] FOLLOWING_LINE --ON_INTERSECTION--> FOLLOWING_LINE | intersection handled by navigation policy; vision_live
2026-03-10T17:41:29.787+00:00 [FOLLOWING_LINE] FOLLOWING_LINE --ON_INTERSECTION--> FOLLOWING_LINE | intersection handled by navigation policy; vision_live
2026-03-10T17:41:29.901+00:00 [FOLLOWING_LINE] FOLLOWING_LINE --ON_INTERSECTION--> FOLLOWING_LINE | intersection handled by navigation policy; vision_live
2026-03-10T17:41:29.940+00:00 [FOLLOWING_LINE] FOLLOWING_LINE --ON_INTERSECTION--> FOLLOWING_LINE | intersection handled by navigation policy; vision_live
2026-03-10T17:41:29.965+00:00 [FOLLOWING_LINE] FOLLOWING_LINE --ON_INTERSECTION--> FOLLOWING_LINE | intersection handled by navigation policy; vision_live
2026-03-10T17:41:29.989+00:00 [FOLLOWING_LINE] FOLLOWING_LINE --ON_INTERSECTION--> FOLLOWING_LINE | intersection handled by navigation policy; vision_live
2026-03-10T17:41:30.015+00:00 [FOLLOWING_LINE] FOLLOWING_LINE --ON_INTERSECTION--> FOLLOWING_LINE | intersection handled by navigation policy; vision_live
2026-03-10T17:41:30.052+00:00 [FOLLOWING_LINE] FOLLOWING_LINE --ON_INTERSECTION--> FOLLOWING_LINE | intersection handled by navigation policy; vision_live
2026-03-10T17:41:30.089+00:00 [FOLLOWING_LINE] FOLLOWING_LINE --ON_INTERSECTION--> FOLLOWING_LINE | intersection handled by navigation policy; vision_live
2026-03-10T17:41:30.135+00:00 [FOLLOWING_LINE] FOLLOWING_LINE --ON_INTERSECTION--> FOLLOWING_LINE | intersection handled by navigation policy; vision_live
2026-03-10T17:41:30.164+00:00 [FOLLOWING_LINE] FOLLOWING_LINE --ON_INTERSECTION--> FOLLOWING_LINE | intersection handled by navigation policy; vision_live
2026-03-10T17:41:30.213+00:00 [FOLLOWING_LINE] FOLLOWING_LINE --ON_INTERSECTION--> FOLLOWING_LINE | intersection handled by navigation policy; vision_live
2026-03-10T17:41:30.259+00:00 [FOLLOWING_LINE] FOLLOWING_LINE --ON_INTERSECTION--> FOLLOWING_LINE | intersection handled by navigation policy; vision_live
2026-03-10T17:41:30.291+00:00 [FOLLOWING_LINE] FOLLOWING_LINE --ON_INTERSECTION--> FOLLOWING_LINE | intersection handled by navigation policy; vision_live
2026-03-10T17:41:30.323+00:00 [FOLLOWING_LINE] FOLLOWING_LINE --ON_INTERSECTION--> FOLLOWING_LINE | intersection handled by navigation policy; vision_live
2026-03-10T17:41:30.358+00:00 [FOLLOWING_LINE] FOLLOWING_LINE --ON_INTERSECTION--> FOLLOWING_LINE | intersection handled by navigation policy; vision_live
2026-03-10T17:41:30.387+00:00 [FOLLOWING_LINE] FOLLOWING_LINE --ON_INTERSECTION--> FOLLOWING_LINE | intersection handled by navigation policy; vision_live
2026-03-10T17:41:30.418+00:00 [FOLLOWING_LINE] FOLLOWING_LINE --ON_INTERSECTION--> FOLLOWING_LINE | intersection handled by navigation policy; vision_live
2026-03-10T17:41:30.453+00:00 [FOLLOWING_LINE] FOLLOWING_LINE --ON_INTERSECTION--> FOLLOWING_LINE | intersection handled by navigation policy; vision_live
2026-03-10T17:41:30.477+00:00 [FOLLOWING_LINE] FOLLOWING_LINE --ON_INTERSECTION--> FOLLOWING_LINE | intersection handled by navigation policy; vision_live
2026-03-10T17:41:30.510+00:00 [FOLLOWING_LINE] FOLLOWING_LINE --ON_INTERSECTION--> FOLLOWING_LINE | intersection handled by navigation policy; vision_live
2026-03-10T17:41:30.544+00:00 [FOLLOWING_LINE] FOLLOWING_LINE --ON_INTERSECTION--> FOLLOWING_LINE | intersection handled by navigation policy; vision_live
2026-03-10T17:41:30.576+00:00 [FOLLOWING_LINE] FOLLOWING_LINE --ON_INTERSECTION--> FOLLOWING_LINE | intersection handled by navigation policy; vision_live
2026-03-10T17:41:30.618+00:00 [FOLLOWING_LINE] FOLLOWING_LINE --ON_INTERSECTION--> FOLLOWING_LINE | intersection handled by navigation policy; vision_live
2026-03-10T17:41:30.681+00:00 [FOLLOWING_LINE] FOLLOWING_LINE --ON_INTERSECTION--> FOLLOWING_LINE | intersection handled by navigation policy; vision_live
2026-03-10T17:41:30.704+00:00 [FOLLOWING_LINE] FOLLOWING_LINE --ON_INTERSECTION--> FOLLOWING_LINE | intersection handled by navigation policy; vision_live
2026-03-10T17:41:30.738+00:00 [FOLLOWING_LINE] FOLLOWING_LINE --ON_INTERSECTION--> FOLLOWING_LINE | intersection handled by navigation policy; vision_live
2026-03-10T17:41:30.765+00:00 [FOLLOWING_LINE] FOLLOWING_LINE --ON_INTERSECTION--> FOLLOWING_LINE | intersection handled by navigation policy; vision_live
2026-03-10T17:41:43.458+00:00 [RESCUE_ZONE_DETECTED] FOLLOWING_LINE --ON_RESCUE_RED_DETECTED--> RESCUE_ZONE_DETECTED | rescue zone red marker detected; vision_live
2026-03-10T17:41:44.086+00:00 [RESCUE_ZONE_DETECTED] RESCUE_ZONE_DETECTED --ON_LINE_LOST--> RESCUE_ZONE_DETECTED | continue rescue-zone behavior; line_lost_streak
2026-03-10T17:41:44.264+00:00 [RESCUE_ZONE_DETECTED] RESCUE_ZONE_DETECTED --ON_LINE_LOST--> RESCUE_ZONE_DETECTED | continue rescue-zone behavior; line_lost_streak
2026-03-10T17:41:44.454+00:00 [RESCUE_ZONE_DETECTED] RESCUE_ZONE_DETECTED --ON_LINE_LOST--> RESCUE_ZONE_DETECTED | continue rescue-zone behavior; line_lost_streak
2026-03-10T17:41:44.633+00:00 [RESCUE_ZONE_DETECTED] RESCUE_ZONE_DETECTED --ON_LINE_LOST--> RESCUE_ZONE_DETECTED | continue rescue-zone behavior; line_lost_streak
2026-03-10T17:41:44.765+00:00 [RESCUE_ZONE_DETECTED] RESCUE_ZONE_DETECTED --ON_LINE_LOST--> RESCUE_ZONE_DETECTED | continue rescue-zone behavior; line_lost_streak
2026-03-10T17:41:44.889+00:00 [RESCUE_ZONE_DETECTED] RESCUE_ZONE_DETECTED --ON_LINE_LOST--> RESCUE_ZONE_DETECTED | continue rescue-zone behavior; line_lost_streak
2026-03-10T17:41:45.008+00:00 [RESCUE_ZONE_DETECTED] RESCUE_ZONE_DETECTED --ON_LINE_LOST--> RESCUE_ZONE_DETECTED | continue rescue-zone behavior; line_lost_streak
2026-03-10T17:41:45.137+00:00 [RESCUE_ZONE_DETECTED] RESCUE_ZONE_DETECTED --ON_LINE_LOST--> RESCUE_ZONE_DETECTED | continue rescue-zone behavior; line_lost_streak
2026-03-10T17:41:45.251+00:00 [RESCUE_ZONE_DETECTED] RESCUE_ZONE_DETECTED --ON_LINE_LOST--> RESCUE_ZONE_DETECTED | continue rescue-zone behavior; line_lost_streak
2026-03-10T17:41:45.359+00:00 [RESCUE_ZONE_DETECTED] RESCUE_ZONE_DETECTED --ON_LINE_LOST--> RESCUE_ZONE_DETECTED | continue rescue-zone behavior; line_lost_streak
2026-03-10T17:41:45.490+00:00 [RESCUE_ZONE_DETECTED] RESCUE_ZONE_DETECTED --ON_LINE_LOST--> RESCUE_ZONE_DETECTED | continue rescue-zone behavior; line_lost_streak
2026-03-10T17:41:45.615+00:00 [RESCUE_ZONE_DETECTED] RESCUE_ZONE_DETECTED --ON_LINE_LOST--> RESCUE_ZONE_DETECTED | continue rescue-zone behavior; line_lost_streak
2026-03-10T17:41:45.735+00:00 [RESCUE_ZONE_DETECTED] RESCUE_ZONE_DETECTED --ON_LINE_LOST--> RESCUE_ZONE_DETECTED | continue rescue-zone behavior; line_lost_streak
2026-03-10T17:41:45.857+00:00 [RESCUE_ZONE_DETECTED] RESCUE_ZONE_DETECTED --ON_LINE_LOST--> RESCUE_ZONE_DETECTED | continue rescue-zone behavior; line_lost_streak
2026-03-10T17:41:45.988+00:00 [RESCUE_ZONE_DETECTED] RESCUE_ZONE_DETECTED --ON_LINE_LOST--> RESCUE_ZONE_DETECTED | continue rescue-zone behavior; line_lost_streak
2026-03-10T17:41:46.118+00:00 [RESCUE_ZONE_DETECTED] RESCUE_ZONE_DETECTED --ON_LINE_LOST--> RESCUE_ZONE_DETECTED | continue rescue-zone behavior; line_lost_streak
2026-03-10T17:41:46.242+00:00 [RESCUE_ZONE_DETECTED] RESCUE_ZONE_DETECTED --ON_LINE_LOST--> RESCUE_ZONE_DETECTED | continue rescue-zone behavior; line_lost_streak
2026-03-10T17:41:46.330+00:00 [RESCUE_ZONE_DETECTED] RESCUE_ZONE_DETECTED --ON_LINE_LOST--> RESCUE_ZONE_DETECTED | continue rescue-zone behavior; line_lost_streak
2026-03-10T17:41:46.451+00:00 [RESCUE_ZONE_DETECTED] RESCUE_ZONE_DETECTED --ON_LINE_LOST--> RESCUE_ZONE_DETECTED | continue rescue-zone behavior; line_lost_streak
2026-03-10T17:41:46.600+00:00 [RESCUE_ZONE_DETECTED] RESCUE_ZONE_DETECTED --ON_LINE_LOST--> RESCUE_ZONE_DETECTED | continue rescue-zone behavior; line_lost_streak
2026-03-10T17:41:46.732+00:00 [RESCUE_ZONE_DETECTED] RESCUE_ZONE_DETECTED --ON_LINE_LOST--> RESCUE_ZONE_DETECTED | continue rescue-zone behavior; line_lost_streak
2026-03-10T17:41:46.891+00:00 [RESCUE_ZONE_DETECTED] RESCUE_ZONE_DETECTED --ON_LINE_LOST--> RESCUE_ZONE_DETECTED | continue rescue-zone behavior; line_lost_streak
2026-03-10T17:41:47.049+00:00 [RESCUE_ZONE_DETECTED] RESCUE_ZONE_DETECTED --ON_LINE_LOST--> RESCUE_ZONE_DETECTED | continue rescue-zone behavior; line_lost_streak
2026-03-10T17:41:47.200+00:00 [RESCUE_ZONE_DETECTED] RESCUE_ZONE_DETECTED --ON_LINE_LOST--> RESCUE_ZONE_DETECTED | continue rescue-zone behavior; line_lost_streak
2026-03-10T17:41:47.327+00:00 [RESCUE_ZONE_DETECTED] RESCUE_ZONE_DETECTED --ON_LINE_LOST--> RESCUE_ZONE_DETECTED | continue rescue-zone behavior; line_lost_streak
2026-03-10T17:41:47.451+00:00 [RESCUE_ZONE_DETECTED] RESCUE_ZONE_DETECTED --ON_LINE_LOST--> RESCUE_ZONE_DETECTED | continue rescue-zone behavior; line_lost_streak
2026-03-10T17:41:47.575+00:00 [RESCUE_ZONE_DETECTED] RESCUE_ZONE_DETECTED --ON_LINE_LOST--> RESCUE_ZONE_DETECTED | continue rescue-zone behavior; line_lost_streak
2026-03-10T17:41:47.683+00:00 [RESCUE_ZONE_DETECTED] RESCUE_ZONE_DETECTED --ON_LINE_LOST--> RESCUE_ZONE_DETECTED | continue rescue-zone behavior; line_lost_streak
2026-03-10T17:41:47.803+00:00 [RESCUE_ZONE_DETECTED] RESCUE_ZONE_DETECTED --ON_LINE_LOST--> RESCUE_ZONE_DETECTED | continue rescue-zone behavior; line_lost_streak
2026-03-10T17:41:47.940+00:00 [RESCUE_ZONE_DETECTED] RESCUE_ZONE_DETECTED --ON_LINE_LOST--> RESCUE_ZONE_DETECTED | continue rescue-zone behavior; line_lost_streak
2026-03-10T17:41:48.048+00:00 [RESCUE_ZONE_DETECTED] RESCUE_ZONE_DETECTED --ON_LINE_LOST--> RESCUE_ZONE_DETECTED | continue rescue-zone behavior; line_lost_streak
2026-03-10T17:41:48.166+00:00 [RESCUE_ZONE_DETECTED] RESCUE_ZONE_DETECTED --ON_LINE_LOST--> RESCUE_ZONE_DETECTED | continue rescue-zone behavior; line_lost_streak
2026-03-10T17:41:48.293+00:00 [RESCUE_ZONE_DETECTED] RESCUE_ZONE_DETECTED --ON_LINE_LOST--> RESCUE_ZONE_DETECTED | continue rescue-zone behavior; line_lost_streak
2026-03-10T17:41:48.411+00:00 [RESCUE_ZONE_DETECTED] RESCUE_ZONE_DETECTED --ON_LINE_LOST--> RESCUE_ZONE_DETECTED | continue rescue-zone behavior; line_lost_streak
2026-03-10T17:41:48.530+00:00 [RESCUE_ZONE_DETECTED] RESCUE_ZONE_DETECTED --ON_LINE_LOST--> RESCUE_ZONE_DETECTED | continue rescue-zone behavior; line_lost_streak
2026-03-10T17:41:48.654+00:00 [RESCUE_ZONE_DETECTED] RESCUE_ZONE_DETECTED --ON_LINE_LOST--> RESCUE_ZONE_DETECTED | continue rescue-zone behavior; line_lost_streak
2026-03-10T17:41:48.765+00:00 [RESCUE_ZONE_DETECTED] RESCUE_ZONE_DETECTED --ON_LINE_LOST--> RESCUE_ZONE_DETECTED | continue rescue-zone behavior; line_lost_streak
2026-03-10T17:41:48.891+00:00 [RESCUE_ZONE_DETECTED] RESCUE_ZONE_DETECTED --ON_LINE_LOST--> RESCUE_ZONE_DETECTED | continue rescue-zone behavior; line_lost_streak
2026-03-10T17:41:48.969+00:00 [RESCUE_ZONE_DETECTED] RESCUE_ZONE_DETECTED --ON_LINE_LOST--> RESCUE_ZONE_DETECTED | continue rescue-zone behavior; line_lost_streak
2026-03-10T17:41:49.061+00:00 [RESCUE_ZONE_DETECTED] RESCUE_ZONE_DETECTED --ON_LINE_LOST--> RESCUE_ZONE_DETECTED | continue rescue-zone behavior; line_lost_streak
2026-03-10T17:41:49.189+00:00 [RESCUE_ZONE_DETECTED] RESCUE_ZONE_DETECTED --ON_LINE_LOST--> RESCUE_ZONE_DETECTED | continue rescue-zone behavior; line_lost_streak
2026-03-10T17:41:49.302+00:00 [RESCUE_ZONE_DETECTED] RESCUE_ZONE_DETECTED --ON_LINE_LOST--> RESCUE_ZONE_DETECTED | continue rescue-zone behavior; line_lost_streak
2026-03-10T17:41:49.400+00:00 [RESCUE_ZONE_DETECTED] RESCUE_ZONE_DETECTED --ON_LINE_LOST--> RESCUE_ZONE_DETECTED | continue rescue-zone behavior; line_lost_streak
2026-03-10T17:41:49.506+00:00 [VICTIM_FOUND] RESCUE_ZONE_DETECTED --ON_VICTIM_DETECTED--> VICTIM_FOUND | victim detected in rescue zone; vision_live
2026-03-10T17:41:49.621+00:00 [SEARCHING_LINE] VICTIM_FOUND --ON_LINE_LOST--> SEARCHING_LINE | victim routine complete; line lost; line_lost_streak
2026-03-10T17:41:49.752+00:00 [SEARCHING_LINE] SEARCHING_LINE --ON_LINE_LOST--> SEARCHING_LINE | still searching for line; line_lost_streak
2026-03-10T17:41:49.775+00:00 [FOLLOWING_LINE] SEARCHING_LINE --ON_LINE_FOUND--> FOLLOWING_LINE | line detected; vision_live
2026-03-10T17:42:16.002+00:00 [FOLLOWING_LINE] FOLLOWING_LINE --ON_INTERSECTION--> FOLLOWING_LINE | intersection handled by navigation policy; vision_live
2026-03-10T17:42:16.104+00:00 [FOLLOWING_LINE] FOLLOWING_LINE --ON_INTERSECTION--> FOLLOWING_LINE | intersection handled by navigation policy; vision_live
2026-03-10T17:42:16.124+00:00 [FOLLOWING_LINE] FOLLOWING_LINE --ON_INTERSECTION--> FOLLOWING_LINE | intersection handled by navigation policy; vision_live
2026-03-10T17:42:16.168+00:00 [FOLLOWING_LINE] FOLLOWING_LINE --ON_INTERSECTION--> FOLLOWING_LINE | intersection handled by navigation policy; vision_live
2026-03-10T17:46:11.682+00:00 [VALIDATING_GAP] FOLLOWING_LINE --ON_GAP--> VALIDATING_GAP | possible gap detected; line_gap_suspected
2026-03-10T17:46:11.750+00:00 [FOLLOWING_LINE] VALIDATING_GAP --ON_LINE_FOUND--> FOLLOWING_LINE | false positive gap; vision_live
2026-03-10T17:46:11.897+00:00 [VALIDATING_GAP] FOLLOWING_LINE --ON_GAP--> VALIDATING_GAP | possible gap detected; line_gap_suspected
2026-03-10T17:46:11.946+00:00 [FOLLOWING_LINE] VALIDATING_GAP --ON_LINE_FOUND--> FOLLOWING_LINE | false positive gap; vision_live
